8.237899839878082275e-02 2.125760018825531006e-01 4.507900029420852661e-02 0.000000000000000000e+00
1.700669974088668823e-01 -8.562000095844268799e-02 -2.079699933528900146e-01 0.000000000000000000e+00
1.111150011420249939e-01 -3.140850067138671875e-01 6.366500258445739746e-02 1.000000000000000000e+00
1.488330066204071045e-01 -7.158499956130981445e-02 1.133870035409927368e-01 0.000000000000000000e+00
-1.136009991168975830e-01 -2.823570072650909424e-01 3.483200073242187500e-02 1.000000000000000000e+00
1.700669974088668823e-01 -2.594540119171142578e-01 -1.787489950656890869e-01 1.000000000000000000e+00
-1.336089968681335449e-01 2.098799943923950195e-01 1.133870035409927368e-01 0.000000000000000000e+00
2.117500081658363342e-02 1.133859977126121521e-01 4.507900029420852661e-02 0.000000000000000000e+00
-1.500190049409866333e-01 -1.893289983272552490e-01 1.133870035409927368e-01 1.000000000000000000e+00
-8.388599753379821777e-02 -1.554199960082769394e-02 -2.257989943027496338e-01 0.000000000000000000e+00
6.136700138449668884e-02 1.494330018758773804e-01 4.507900029420852661e-02 0.000000000000000000e+00
-1.691199988126754761e-01 -1.502900011837482452e-02 -1.610309928655624390e-01 0.000000000000000000e+00
-1.691199988126754761e-01 3.171899914741516113e-02 8.371599763631820679e-02 0.000000000000000000e+00
-1.529500037431716919e-01 -1.392699964344501495e-02 -5.362800136208534241e-02 0.000000000000000000e+00
1.700669974088668823e-01 -1.083429977297782898e-01 -2.497600018978118896e-02 0.000000000000000000e+00
-1.691199988126754761e-01 -2.601540088653564453e-01 -1.859129965305328369e-01 1.000000000000000000e+00
-1.404110044240951538e-01 -2.749049961566925049e-01 -1.570499986410140991e-01 1.000000000000000000e+00
6.272599846124649048e-02 3.916200101375579834e-01 7.599800080060958862e-02 0.000000000000000000e+00
1.656470000743865967e-01 -1.392699964344501495e-02 -7.537800073623657227e-02 0.000000000000000000e+00
1.643950045108795166e-01 -2.589859962463378906e-01 1.133870035409927368e-01 1.000000000000000000e+00
4.095099866390228271e-02 1.748809963464736938e-01 4.507900029420852661e-02 0.000000000000000000e+00
1.700669974088668823e-01 -3.475700020790100098e-01 -1.946139931678771973e-01 1.000000000000000000e+00
-1.584699936211109161e-02 8.867800235748291016e-02 1.133870035409927368e-01 0.000000000000000000e+00
4.239799827337265015e-02 -4.848299920558929443e-02 -2.257989943027496338e-01 0.000000000000000000e+00
-9.008000046014785767e-02 -6.635700166225433350e-02 -2.257989943027496338e-01 0.000000000000000000e+00
1.087400037795305252e-02 3.968699872493743896e-01 7.479699701070785522e-02 0.000000000000000000e+00
1.700669974088668823e-01 -2.352779954671859741e-01 6.715899705886840820e-02 1.000000000000000000e+00
-1.130909994244575500e-01 2.990869879722595215e-01 4.507900029420852661e-02 0.000000000000000000e+00
8.595799654722213745e-02 7.602000143378973007e-03 1.133870035409927368e-01 0.000000000000000000e+00
-1.274529993534088135e-01 -4.124540090560913086e-01 -2.257989943027496338e-01 1.000000000000000000e+00
1.482769995927810669e-01 -1.392699964344501495e-02 3.075299970805644989e-02 0.000000000000000000e+00
1.445100009441375732e-01 -4.801349937915802002e-01 6.511099636554718018e-02 1.000000000000000000e+00
-6.422999780625104904e-03 1.551979929208755493e-01 4.507900029420852661e-02 0.000000000000000000e+00
3.772199898958206177e-02 1.996400021016597748e-02 4.507900029420852661e-02 0.000000000000000000e+00
1.700669974088668823e-01 -1.207870021462440491e-01 -1.536879986524581909e-01 0.000000000000000000e+00
-1.691199988126754761e-01 -4.413659870624542236e-01 -2.142229974269866943e-01 1.000000000000000000e+00
1.343600004911422729e-01 -3.263669908046722412e-01 -2.257989943027496338e-01 1.000000000000000000e+00
-1.473650038242340088e-01 -1.820019930601119995e-01 2.903099916875362396e-02 0.000000000000000000e+00
-1.691199988126754761e-01 -1.356229931116104126e-01 -2.199430018663406372e-01 0.000000000000000000e+00
7.977099716663360596e-02 -1.344660073518753052e-01 -2.257989943027496338e-01 0.000000000000000000e+00
-1.691199988126754761e-01 -5.322499945759773254e-02 -1.097249984741210938e-01 0.000000000000000000e+00
-1.616680026054382324e-01 -4.221439957618713379e-01 2.903099916875362396e-02 1.000000000000000000e+00
1.183649972081184387e-01 -4.717859923839569092e-01 2.903099916875362396e-02 1.000000000000000000e+00
-1.458410024642944336e-01 3.218509852886199951e-01 1.133870035409927368e-01 0.000000000000000000e+00
1.700669974088668823e-01 -4.437519907951354980e-01 6.031600013375282288e-02 1.000000000000000000e+00
1.700669974088668823e-01 -1.781529933214187622e-01 -1.029110029339790344e-01 0.000000000000000000e+00
1.700669974088668823e-01 -1.116919964551925659e-01 9.692600369453430176e-02 0.000000000000000000e+00
-1.125890016555786133e-01 2.068790048360824585e-01 4.507900029420852661e-02 0.000000000000000000e+00
-5.901199951767921448e-02 -1.790490001440048218e-01 4.153999965637922287e-03 0.000000000000000000e+00
1.700669974088668823e-01 -1.393519937992095947e-01 9.740000218152999878e-02 0.000000000000000000e+00
1.517550051212310791e-01 9.661199897527694702e-02 4.507900029420852661e-02 0.000000000000000000e+00
1.554529964923858643e-01 2.818480134010314941e-01 4.507900029420852661e-02 0.000000000000000000e+00
-1.947999931871891022e-02 1.586579978466033936e-01 1.133870035409927368e-01 0.000000000000000000e+00
1.700669974088668823e-01 -5.732500180602073669e-02 -1.610890030860900879e-01 0.000000000000000000e+00
-3.078499995172023773e-02 8.248600363731384277e-02 4.507900029420852661e-02 0.000000000000000000e+00
4.053699970245361328e-02 1.687169969081878662e-01 1.133870035409927368e-01 0.000000000000000000e+00
-3.117999993264675140e-02 -1.392699964344501495e-02 -8.322600275278091431e-02 0.000000000000000000e+00
1.151899993419647217e-02 -1.790490001440048218e-01 8.834300190210342407e-02 0.000000000000000000e+00
-1.691199988126754761e-01 -4.231159985065460205e-01 2.936200052499771118e-02 1.000000000000000000e+00
-1.136009991168975830e-01 -3.833090066909790039e-01 1.071449965238571167e-01 1.000000000000000000e+00
1.462270021438598633e-01 -1.392699964344501495e-02 -9.464900195598602295e-02 0.000000000000000000e+00
-1.597589999437332153e-01 -2.830620110034942627e-01 2.903099916875362396e-02 1.000000000000000000e+00
-1.691199988126754761e-01 2.794690132141113281e-01 5.878499895334243774e-02 0.000000000000000000e+00
9.672299772500991821e-02 -1.392699964344501495e-02 -2.038470059633255005e-01 0.000000000000000000e+00
1.170890033245086670e-01 1.286419928073883057e-01 1.133870035409927368e-01 0.000000000000000000e+00
9.815800189971923828e-02 -1.782789975404739380e-01 1.133870035409927368e-01 0.000000000000000000e+00
1.430409997701644897e-01 -2.345830053091049194e-01 -1.570499986410140991e-01 1.000000000000000000e+00
1.109090000391006470e-01 5.129700154066085815e-02 4.507900029420852661e-02 0.000000000000000000e+00
1.111150011420249939e-01 -2.228910028934478760e-01 1.000109985470771790e-01 1.000000000000000000e+00
1.700669974088668823e-01 -4.865999892354011536e-02 1.032759994268417358e-01 0.000000000000000000e+00
-8.477400243282318115e-02 1.446209996938705444e-01 4.507900029420852661e-02 0.000000000000000000e+00
1.408949941396713257e-01 -2.122440040111541748e-01 1.133870035409927368e-01 1.000000000000000000e+00
1.700669974088668823e-01 3.228929936885833740e-01 4.910999909043312073e-02 0.000000000000000000e+00
-4.071300104260444641e-02 -1.790490001440048218e-01 -1.027730032801628113e-01 0.000000000000000000e+00
1.594589948654174805e-01 -2.044080048799514771e-01 1.133870035409927368e-01 1.000000000000000000e+00
-1.230140030384063721e-01 -1.392699964344501495e-02 -1.014349982142448425e-01 0.000000000000000000e+00
-1.691199988126754761e-01 -1.530019938945770264e-01 -9.306199848651885986e-02 0.000000000000000000e+00
1.111150011420249939e-01 -4.755440056324005127e-01 -1.809130012989044189e-01 1.000000000000000000e+00
-5.472899973392486572e-02 2.180420011281967163e-01 1.133870035409927368e-01 0.000000000000000000e+00
1.591939926147460938e-01 -2.026820033788681030e-01 1.133870035409927368e-01 1.000000000000000000e+00
1.111150011420249939e-01 -3.682979941368103027e-01 -1.782830059528350830e-01 1.000000000000000000e+00
-1.220239996910095215e-01 -9.199699759483337402e-02 1.133870035409927368e-01 0.000000000000000000e+00
-2.919200062751770020e-02 1.899680048227310181e-01 1.133870035409927368e-01 0.000000000000000000e+00
7.588600367307662964e-02 -8.207099884748458862e-02 1.133870035409927368e-01 0.000000000000000000e+00
1.111150011420249939e-01 -4.562779963016510010e-01 -2.195339947938919067e-01 1.000000000000000000e+00
-1.136009991168975830e-01 -3.414469957351684570e-01 3.633600100874900818e-02 1.000000000000000000e+00
-1.691199988126754761e-01 -2.424249947071075439e-01 9.471099823713302612e-02 1.000000000000000000e+00
-1.403450071811676025e-01 -9.446199983358383179e-02 -2.257989943027496338e-01 0.000000000000000000e+00
1.687979996204376221e-01 -3.172009885311126709e-01 1.133870035409927368e-01 1.000000000000000000e+00
-1.136009991168975830e-01 -4.370329976081848145e-01 4.160900041460990906e-02 1.000000000000000000e+00
1.700669974088668823e-01 -3.712989985942840576e-01 9.647499769926071167e-02 1.000000000000000000e+00
1.388429999351501465e-01 -2.733000088483095169e-03 4.507900029420852661e-02 0.000000000000000000e+00
1.649419963359832764e-01 -2.878549993038177490e-01 1.133870035409927368e-01 1.000000000000000000e+00
1.430560052394866943e-01 3.443950116634368896e-01 1.133870035409927368e-01 0.000000000000000000e+00
7.269400358200073242e-02 -1.392699964344501495e-02 -1.974879950284957886e-01 0.000000000000000000e+00
-1.114540025591850281e-01 2.908639907836914062e-01 4.507900029420852661e-02 0.000000000000000000e+00
1.700669974088668823e-01 -3.660889863967895508e-01 6.085899844765663147e-02 1.000000000000000000e+00
-1.136009991168975830e-01 -2.992779910564422607e-01 -1.990389972925186157e-01 1.000000000000000000e+00
7.991000078618526459e-03 -1.392699964344501495e-02 -1.120219975709915161e-01 0.000000000000000000e+00
1.170750036835670471e-01 3.551639914512634277e-01 4.507900029420852661e-02 0.000000000000000000e+00
-1.401650011539459229e-01 -4.280129969120025635e-01 -2.257989943027496338e-01 1.000000000000000000e+00
-1.279180049896240234e-01 -3.127569854259490967e-01 -1.570499986410140991e-01 1.000000000000000000e+00
-1.676190048456192017e-01 1.857150048017501831e-01 4.507900029420852661e-02 0.000000000000000000e+00
1.111150011420249939e-01 -4.635809957981109619e-01 -1.841930001974105835e-01 1.000000000000000000e+00
-3.399499878287315369e-02 2.282869964838027954e-01 4.507900029420852661e-02 0.000000000000000000e+00
-1.691199988126754761e-01 -4.725689888000488281e-01 -1.576550006866455078e-01 1.000000000000000000e+00
8.459299802780151367e-02 -1.790490001440048218e-01 -7.294999808073043823e-02 0.000000000000000000e+00
1.700669974088668823e-01 -1.986699998378753662e-01 -1.830410063266754150e-01 1.000000000000000000e+00
1.365990042686462402e-01 -2.604359984397888184e-01 -1.570499986410140991e-01 1.000000000000000000e+00
1.263370066881179810e-01 -1.089000031352043152e-01 -2.257989943027496338e-01 0.000000000000000000e+00
1.111150011420249939e-01 -4.361439943313598633e-01 3.478600084781646729e-02 1.000000000000000000e+00
-1.691199988126754761e-01 -3.847619891166687012e-01 -1.587879955768585205e-01 1.000000000000000000e+00
-1.136009991168975830e-01 -2.507629990577697754e-01 3.897999972105026245e-02 1.000000000000000000e+00
-1.136009991168975830e-01 -4.243890047073364258e-01 3.475699946284294128e-02 1.000000000000000000e+00
1.700669974088668823e-01 2.675360143184661865e-01 1.018249988555908203e-01 0.000000000000000000e+00
-9.405999630689620972e-02 -1.790490001440048218e-01 -1.888770014047622681e-01 0.000000000000000000e+00
9.957899898290634155e-02 -1.790490001440048218e-01 -5.562099814414978027e-02 0.000000000000000000e+00
-1.166770011186599731e-01 -4.012350142002105713e-01 -2.257989943027496338e-01 1.000000000000000000e+00
-1.691199988126754761e-01 5.759400129318237305e-02 9.211800247430801392e-02 0.000000000000000000e+00
-1.638199947774410248e-02 -1.762699931859970093e-01 1.133870035409927368e-01 0.000000000000000000e+00
1.653320044279098511e-01 -2.549169957637786865e-01 -1.570499986410140991e-01 1.000000000000000000e+00
-1.494900044053792953e-02 -1.392699964344501495e-02 -2.101510018110275269e-01 0.000000000000000000e+00
-1.423359960317611694e-01 2.160310000181198120e-01 1.133870035409927368e-01 0.000000000000000000e+00
9.965299814939498901e-02 3.262000158429145813e-02 1.133870035409927368e-01 0.000000000000000000e+00
-1.347900032997131348e-01 -1.392699964344501495e-02 -2.100329995155334473e-01 0.000000000000000000e+00
1.700669974088668823e-01 -1.299490034580230713e-01 -1.642809957265853882e-01 0.000000000000000000e+00
1.615509986877441406e-01 -3.206779956817626953e-01 1.133870035409927368e-01 1.000000000000000000e+00
1.421799957752227783e-01 7.789800316095352173e-02 1.133870035409927368e-01 0.000000000000000000e+00
1.107100024819374084e-01 -1.434209942817687988e-01 -2.257989943027496338e-01 0.000000000000000000e+00
1.287609934806823730e-01 -9.207200258970260620e-02 1.133870035409927368e-01 0.000000000000000000e+00
-1.691199988126754761e-01 -2.472079992294311523e-01 7.269000262022018433e-02 1.000000000000000000e+00
1.468189954757690430e-01 3.253029882907867432e-01 1.133870035409927368e-01 0.000000000000000000e+00
4.066799953579902649e-02 1.624840050935745239e-01 1.133870035409927368e-01 0.000000000000000000e+00
-7.163199782371520996e-02 1.841640025377273560e-01 1.133870035409927368e-01 0.000000000000000000e+00
-1.468999963253736496e-02 1.304000020027160645e-01 4.507900029420852661e-02 0.000000000000000000e+00
1.213250011205673218e-01 3.071100078523159027e-02 4.507900029420852661e-02 0.000000000000000000e+00
1.700669974088668823e-01 2.014169991016387939e-01 9.375800192356109619e-02 0.000000000000000000e+00
2.925899997353553772e-02 2.427189946174621582e-01 1.133870035409927368e-01 0.000000000000000000e+00
8.794999681413173676e-03 -1.790490001440048218e-01 -5.652999877929687500e-02 0.000000000000000000e+00
1.700669974088668823e-01 1.791840046644210815e-01 9.544599801301956177e-02 0.000000000000000000e+00
-1.691199988126754761e-01 3.423739969730377197e-01 8.847299963235855103e-02 0.000000000000000000e+00
-1.442960053682327271e-01 -2.861660122871398926e-01 -1.570499986410140991e-01 1.000000000000000000e+00
1.002710014581680298e-01 -1.790490001440048218e-01 -1.841730028390884399e-01 0.000000000000000000e+00
-1.465940028429031372e-01 3.489669859409332275e-01 1.133870035409927368e-01 0.000000000000000000e+00
-1.691199988126754761e-01 -1.221370026469230652e-01 -2.086440026760101318e-01 0.000000000000000000e+00
8.870600163936614990e-02 -1.392699964344501495e-02 -1.267440021038055420e-01 0.000000000000000000e+00
1.326889991760253906e-01 1.762280017137527466e-01 1.133870035409927368e-01 0.000000000000000000e+00
-1.123099997639656067e-01 -1.790490001440048218e-01 5.028999876230955124e-03 0.000000000000000000e+00
-1.156079992651939392e-01 -2.163310050964355469e-01 -2.257989943027496338e-01 1.000000000000000000e+00
1.254960000514984131e-01 -8.276599645614624023e-02 -2.257989943027496338e-01 0.000000000000000000e+00
1.970100030303001404e-02 8.810800313949584961e-02 4.507900029420852661e-02 0.000000000000000000e+00
1.587290018796920776e-01 -3.332169950008392334e-01 1.133870035409927368e-01 1.000000000000000000e+00
1.700669974088668823e-01 3.080590069293975830e-01 7.036600261926651001e-02 0.000000000000000000e+00
1.700669974088668823e-01 -9.627900272607803345e-02 -2.194930016994476318e-01 0.000000000000000000e+00
8.953999727964401245e-02 -1.790490001440048218e-01 2.267800085246562958e-02 0.000000000000000000e+00
1.700669974088668823e-01 -1.605889946222305298e-01 -1.878339946269989014e-01 1.000000000000000000e+00
1.111150011420249939e-01 -4.405309855937957764e-01 -2.113790065050125122e-01 1.000000000000000000e+00
-6.684800237417221069e-02 2.603000029921531677e-03 1.133870035409927368e-01 0.000000000000000000e+00
1.111150011420249939e-01 -3.469249904155731201e-01 -1.726910024881362915e-01 1.000000000000000000e+00
5.417300015687942505e-02 -1.392699964344501495e-02 2.573700062930583954e-02 0.000000000000000000e+00
1.175479963421821594e-01 -4.801349937915802002e-01 -2.184479981660842896e-01 1.000000000000000000e+00
-1.218580007553100586e-01 -1.790490001440048218e-01 -7.422299683094024658e-02 0.000000000000000000e+00
1.700669974088668823e-01 -4.429800063371658325e-02 5.715699866414070129e-02 0.000000000000000000e+00
-6.928999908268451691e-03 -2.518999949097633362e-02 1.133870035409927368e-01 0.000000000000000000e+00
1.263220012187957764e-01 -3.162550032138824463e-01 -2.257989943027496338e-01 1.000000000000000000e+00
1.700669974088668823e-01 -2.492190003395080566e-01 7.808099687099456787e-02 1.000000000000000000e+00
3.747799992561340332e-02 1.508779972791671753e-01 1.133870035409927368e-01 0.000000000000000000e+00
-1.618209928274154663e-01 -4.801349937915802002e-01 5.093299970030784607e-02 1.000000000000000000e+00
-1.136009991168975830e-01 -2.349800020456314087e-01 7.144500315189361572e-02 1.000000000000000000e+00
4.409800097346305847e-02 -1.392699964344501495e-02 -8.382499963045120239e-02 0.000000000000000000e+00
1.631119996309280396e-01 -3.514310121536254883e-01 -2.257989943027496338e-01 1.000000000000000000e+00
-1.357890069484710693e-01 -2.980839908123016357e-01 1.133870035409927368e-01 1.000000000000000000e+00
1.111150011420249939e-01 -2.486999928951263428e-01 3.717999905347824097e-02 1.000000000000000000e+00
-1.691199988126754761e-01 -1.515379995107650757e-01 -6.006000097841024399e-03 0.000000000000000000e+00
2.678900025784969330e-02 -1.790490001440048218e-01 -7.520499825477600098e-02 0.000000000000000000e+00
1.700669974088668823e-01 -2.127629965543746948e-01 -1.731670051813125610e-01 1.000000000000000000e+00
-6.993599981069564819e-02 3.890820145606994629e-01 4.507900029420852661e-02 0.000000000000000000e+00
1.192850023508071899e-01 -4.801349937915802002e-01 -1.847440004348754883e-01 1.000000000000000000e+00
-1.691199988126754761e-01 -3.127830028533935547e-01 -1.963939964771270752e-01 1.000000000000000000e+00
6.990700215101242065e-02 2.328500002622604370e-01 4.507900029420852661e-02 0.000000000000000000e+00
1.119859963655471802e-01 2.624349892139434814e-01 1.133870035409927368e-01 0.000000000000000000e+00
2.057700045406818390e-02 -1.719889938831329346e-01 1.133870035409927368e-01 0.000000000000000000e+00
5.245500057935714722e-02 -1.392699964344501495e-02 -1.990569978952407837e-01 0.000000000000000000e+00
4.369499906897544861e-02 -1.790490001440048218e-01 1.039820015430450439e-01 0.000000000000000000e+00
-1.242220029234886169e-01 -4.263800010085105896e-02 1.133870035409927368e-01 0.000000000000000000e+00
-6.259999936446547508e-04 -1.392699964344501495e-02 -4.858500137925148010e-02 0.000000000000000000e+00
5.426799878478050232e-02 -4.091899842023849487e-02 1.133870035409927368e-01 0.000000000000000000e+00
-5.659100040793418884e-02 -1.554590016603469849e-01 1.133870035409927368e-01 0.000000000000000000e+00
1.700669974088668823e-01 -3.721939921379089355e-01 -2.228199988603591919e-01 1.000000000000000000e+00
1.473149955272674561e-01 3.521399945020675659e-02 1.133870035409927368e-01 0.000000000000000000e+00
-2.052499912679195404e-02 -1.790490001440048218e-01 -5.547000095248222351e-02 0.000000000000000000e+00
4.290999844670295715e-03 -1.790490001440048218e-01 5.998300015926361084e-02 0.000000000000000000e+00
-2.312799915671348572e-02 1.543550044298171997e-01 1.133870035409927368e-01 0.000000000000000000e+00
-1.617719978094100952e-01 -1.392699964344501495e-02 2.164999954402446747e-02 0.000000000000000000e+00
6.044699996709823608e-02 -1.392699964344501495e-02 3.321999916806817055e-03 0.000000000000000000e+00
-6.628000177443027496e-03 9.329999797046184540e-03 1.133870035409927368e-01 0.000000000000000000e+00
-1.371449977159500122e-01 6.860999856144189835e-03 4.507900029420852661e-02 0.000000000000000000e+00
1.511169970035552979e-01 -1.389900036156177521e-02 4.507900029420852661e-02 0.000000000000000000e+00
-1.691199988126754761e-01 -1.076029986143112183e-01 -1.653259992599487305e-01 0.000000000000000000e+00
-1.531330049037933350e-01 -3.688009977340698242e-01 1.133870035409927368e-01 1.000000000000000000e+00
-1.264600008726119995e-01 5.077999830245971680e-02 4.507900029420852661e-02 0.000000000000000000e+00
1.569779962301254272e-01 7.800699770450592041e-02 1.133870035409927368e-01 0.000000000000000000e+00
-5.786899849772453308e-02 -1.790490001440048218e-01 1.101540029048919678e-01 0.000000000000000000e+00
-4.255500063300132751e-02 3.943539857864379883e-01 8.580700308084487915e-02 0.000000000000000000e+00
-2.683500014245510101e-02 -2.778300084173679352e-02 -2.257989943027496338e-01 0.000000000000000000e+00
-1.448249965906143188e-01 -4.608460068702697754e-01 -2.257989943027496338e-01 1.000000000000000000e+00
-1.333760023117065430e-01 3.051320016384124756e-01 4.507900029420852661e-02 0.000000000000000000e+00
5.760199949145317078e-02 -1.392699964344501495e-02 -1.633349955081939697e-01 0.000000000000000000e+00
8.998999744653701782e-02 -1.392699964344501495e-02 -8.590599894523620605e-02 0.000000000000000000e+00
-9.506700187921524048e-02 -7.241000235080718994e-02 1.133870035409927368e-01 0.000000000000000000e+00
1.700669974088668823e-01 1.321520060300827026e-01 6.406100094318389893e-02 0.000000000000000000e+00
-1.136009991168975830e-01 -1.946509927511215210e-01 -1.984809935092926025e-01 1.000000000000000000e+00
1.430740058422088623e-01 3.846999956294894218e-03 4.507900029420852661e-02 0.000000000000000000e+00
-1.136009991168975830e-01 -3.672020137310028076e-01 5.167099833488464355e-02 1.000000000000000000e+00
-2.844000002369284630e-03 -7.254499942064285278e-02 1.133870035409927368e-01 0.000000000000000000e+00
-1.110579967498779297e-01 1.791490018367767334e-01 1.133870035409927368e-01 0.000000000000000000e+00
-6.092099845409393311e-02 -1.790490001440048218e-01 -9.727899730205535889e-02 0.000000000000000000e+00
3.497000038623809814e-02 3.954319953918457031e-01 8.396899700164794922e-02 0.000000000000000000e+00
1.534709930419921875e-01 -2.104160040616989136e-01 -1.570499986410140991e-01 1.000000000000000000e+00
1.681919991970062256e-01 -2.435999922454357147e-02 1.133870035409927368e-01 0.000000000000000000e+00
-1.691199988126754761e-01 -6.860599666833877563e-02 -2.084719985723495483e-01 0.000000000000000000e+00
-1.169900037348270416e-02 -1.392699964344501495e-02 1.405800040811300278e-02 0.000000000000000000e+00
1.545930057764053345e-01 -1.329500041902065277e-02 1.133870035409927368e-01 0.000000000000000000e+00
1.111150011420249939e-01 -2.821060121059417725e-01 -1.772419959306716919e-01 1.000000000000000000e+00
-1.139739975333213806e-01 -4.801349937915802002e-01 5.746199935674667358e-02 1.000000000000000000e+00
-9.027399867773056030e-02 -1.392699964344501495e-02 2.762399986386299133e-02 0.000000000000000000e+00
8.902700245380401611e-02 1.699219942092895508e-01 1.133870035409927368e-01 0.000000000000000000e+00
1.427959948778152466e-01 -1.790490001440048218e-01 -8.690600097179412842e-02 0.000000000000000000e+00
-4.492300003767013550e-02 9.410300105810165405e-02 4.507900029420852661e-02 0.000000000000000000e+00
-1.691199988126754761e-01 -1.659099943935871124e-02 -1.931599974632263184e-01 0.000000000000000000e+00
-1.591439992189407349e-01 -1.392699964344501495e-02 1.181699987500905991e-02 0.000000000000000000e+00
-1.136009991168975830e-01 -4.119519889354705811e-01 -1.744900047779083252e-01 1.000000000000000000e+00
1.700669974088668823e-01 2.916339933872222900e-01 6.703999638557434082e-02 0.000000000000000000e+00
-1.132029965519905090e-01 -4.821999929845333099e-03 4.507900029420852661e-02 0.000000000000000000e+00
1.700669974088668823e-01 -9.569100290536880493e-02 5.861299857497215271e-02 0.000000000000000000e+00
5.329199880361557007e-02 -1.392699964344501495e-02 -6.535100191831588745e-02 0.000000000000000000e+00
-4.120299965143203735e-02 -1.392699964344501495e-02 -7.250200212001800537e-02 0.000000000000000000e+00
-1.691199988126754761e-01 -3.356960117816925049e-01 4.607500135898590088e-02 1.000000000000000000e+00
-8.587200194597244263e-02 3.294869959354400635e-01 4.507900029420852661e-02 0.000000000000000000e+00
-1.149360015988349915e-01 -1.790490001440048218e-01 -1.294569969177246094e-01 0.000000000000000000e+00
9.482199698686599731e-02 -1.790490001440048218e-01 -1.462499946355819702e-01 0.000000000000000000e+00
1.700669974088668823e-01 -7.023400068283081055e-02 -1.983899995684623718e-02 0.000000000000000000e+00
-3.107400052249431610e-02 -3.942200168967247009e-02 1.133870035409927368e-01 0.000000000000000000e+00
-1.676280051469802856e-01 -1.188440024852752686e-01 1.133870035409927368e-01 0.000000000000000000e+00
-1.136009991168975830e-01 -3.342379927635192871e-01 -1.683129966259002686e-01 1.000000000000000000e+00
1.483570039272308350e-01 -1.392699964344501495e-02 2.109399996697902679e-02 0.000000000000000000e+00
-1.590320020914077759e-01 -4.514339864253997803e-01 -1.570499986410140991e-01 1.000000000000000000e+00
1.172659993171691895e-01 -2.676219940185546875e-01 1.133870035409927368e-01 1.000000000000000000e+00
-1.725500077009201050e-02 -1.392699964344501495e-02 -1.511150002479553223e-01 0.000000000000000000e+00
-1.496350020170211792e-01 3.145479857921600342e-01 4.507900029420852661e-02 0.000000000000000000e+00
-1.691199988126754761e-01 -4.311699867248535156e-01 5.143599957227706909e-02 1.000000000000000000e+00
1.700669974088668823e-01 2.191469967365264893e-01 7.823500037193298340e-02 0.000000000000000000e+00
-1.586389988660812378e-01 -1.392699964344501495e-02 -5.397399887442588806e-02 0.000000000000000000e+00
1.510699987411499023e-01 2.557899989187717438e-02 1.133870035409927368e-01 0.000000000000000000e+00
1.111150011420249939e-01 -3.372080028057098389e-01 -1.974799931049346924e-01 1.000000000000000000e+00
-1.048479974269866943e-01 -1.790490001440048218e-01 -5.837099999189376831e-02 0.000000000000000000e+00
-1.492419987916946411e-01 2.547070086002349854e-01 4.507900029420852661e-02 0.000000000000000000e+00
1.700669974088668823e-01 2.548219859600067139e-01 5.664699897170066833e-02 0.000000000000000000e+00
-9.441299736499786377e-02 -1.392699964344501495e-02 2.191999927163124084e-03 0.000000000000000000e+00
-1.141889989376068115e-01 -1.790490001440048218e-01 -1.184139996767044067e-01 0.000000000000000000e+00
1.700669974088668823e-01 -5.210699886083602905e-02 9.490499645471572876e-02 0.000000000000000000e+00
-9.983999654650688171e-03 -1.790490001440048218e-01 8.236999623477458954e-03 0.000000000000000000e+00
8.749700337648391724e-02 -1.710329949855804443e-01 -2.257989943027496338e-01 0.000000000000000000e+00
-1.691199988126754761e-01 2.267609983682632446e-01 7.561700046062469482e-02 0.000000000000000000e+00
1.145299971103668213e-01 3.782269954681396484e-01 9.154599905014038086e-02 0.000000000000000000e+00
1.111150011420249939e-01 -3.120259940624237061e-01 3.763100132346153259e-02 1.000000000000000000e+00
-6.946600228548049927e-02 3.333829939365386963e-01 4.507900029420852661e-02 0.000000000000000000e+00
1.003549993038177490e-01 1.408150047063827515e-01 4.507900029420852661e-02 0.000000000000000000e+00
1.428589969873428345e-01 -1.392699964344501495e-02 -2.209299989044666290e-02 0.000000000000000000e+00
3.409900143742561340e-02 -1.790490001440048218e-01 2.167000062763690948e-02 0.000000000000000000e+00
-1.909999991767108440e-03 -1.392699964344501495e-02 -5.220500007271766663e-02 0.000000000000000000e+00
-1.691199988126754761e-01 -6.731799989938735962e-02 3.095999918878078461e-02 0.000000000000000000e+00
-5.635799840092658997e-02 6.234100088477134705e-02 1.133870035409927368e-01 0.000000000000000000e+00
-8.728499710559844971e-02 3.113639950752258301e-01 4.507900029420852661e-02 0.000000000000000000e+00
-1.209219992160797119e-01 -1.056869998574256897e-01 1.133870035409927368e-01 0.000000000000000000e+00
-1.136009991168975830e-01 -3.544029891490936279e-01 -2.116689980030059814e-01 1.000000000000000000e+00
-1.451659947633743286e-01 -4.137659966945648193e-01 1.133870035409927368e-01 1.000000000000000000e+00
1.023039966821670532e-01 2.550899982452392578e-01 1.133870035409927368e-01 0.000000000000000000e+00
1.555410027503967285e-01 1.727000027894973755e-01 4.507900029420852661e-02 0.000000000000000000e+00
-1.204949989914894104e-01 -2.457399964332580566e-01 -2.257989943027496338e-01 1.000000000000000000e+00
1.700669974088668823e-01 -4.179379940032958984e-01 9.705000370740890503e-02 1.000000000000000000e+00
6.972700357437133789e-02 -4.598600044846534729e-02 1.133870035409927368e-01 0.000000000000000000e+00
-1.691199988126754761e-01 2.606800012290477753e-02 9.105800092220306396e-02 0.000000000000000000e+00
5.517699941992759705e-02 -1.392699964344501495e-02 -2.485699951648712158e-02 0.000000000000000000e+00
1.690330058336257935e-01 -1.790490001440048218e-01 -8.330000191926956177e-02 0.000000000000000000e+00
-1.130570024251937866e-01 -1.790490001440048218e-01 9.612800180912017822e-02 0.000000000000000000e+00
1.798599958419799805e-02 4.122199863195419312e-02 1.133870035409927368e-01 0.000000000000000000e+00
-2.752700075507164001e-02 1.097450032830238342e-01 4.507900029420852661e-02 0.000000000000000000e+00
1.700669974088668823e-01 -3.100099973380565643e-02 -1.051350012421607971e-01 0.000000000000000000e+00
-1.691199988126754761e-01 -4.070819914340972900e-01 7.448799908161163330e-02 1.000000000000000000e+00
-9.023900330066680908e-02 2.717800140380859375e-01 1.133870035409927368e-01 0.000000000000000000e+00
1.216700002551078796e-01 -1.790490001440048218e-01 -1.349440068006515503e-01 0.000000000000000000e+00
-1.136009991168975830e-01 -4.434710144996643066e-01 6.026500090956687927e-02 1.000000000000000000e+00
3.254399821162223816e-02 2.371989935636520386e-01 4.507900029420852661e-02 0.000000000000000000e+00
-1.041549965739250183e-01 -1.157009974122047424e-01 -2.257989943027496338e-01 0.000000000000000000e+00
1.700669974088668823e-01 -2.617349922657012939e-01 3.463799878954887390e-02 1.000000000000000000e+00
-1.486849933862686157e-01 -4.597249925136566162e-01 -2.257989943027496338e-01 1.000000000000000000e+00
-1.691199988126754761e-01 -1.942300051450729370e-01 4.665400087833404541e-02 0.000000000000000000e+00
1.562059968709945679e-01 -3.187589943408966064e-01 1.133870035409927368e-01 1.000000000000000000e+00
8.558999747037887573e-02 -4.170399904251098633e-02 1.133870035409927368e-01 0.000000000000000000e+00
1.700669974088668823e-01 -1.597300022840499878e-01 2.687400020658969879e-02 0.000000000000000000e+00
1.164610013365745544e-01 3.776229918003082275e-01 9.488599747419357300e-02 0.000000000000000000e+00
1.641210019588470459e-01 -1.392699964344501495e-02 -2.169820070266723633e-01 0.000000000000000000e+00
-2.127899974584579468e-02 2.163929939270019531e-01 1.133870035409927368e-01 0.000000000000000000e+00
-7.848799973726272583e-02 -1.392699964344501495e-02 -1.384620070457458496e-01 0.000000000000000000e+00
-1.145709976553916931e-01 -2.799470126628875732e-01 2.903099916875362396e-02 1.000000000000000000e+00
-3.750099986791610718e-02 2.009640038013458252e-01 1.133870035409927368e-01 0.000000000000000000e+00
7.331000175327062607e-03 9.339699894189834595e-02 4.507900029420852661e-02 0.000000000000000000e+00
-1.053650006651878357e-01 -1.377000007778406143e-03 1.133870035409927368e-01 0.000000000000000000e+00
-1.211140006780624390e-01 -2.635619938373565674e-01 -2.257989943027496338e-01 1.000000000000000000e+00
7.932300120592117310e-02 -1.291899979114532471e-01 1.133870035409927368e-01 0.000000000000000000e+00
-4.027900099754333496e-02 -1.790490001440048218e-01 -1.462049931287765503e-01 0.000000000000000000e+00
1.700669974088668823e-01 -3.244499862194061279e-02 5.967599898576736450e-02 0.000000000000000000e+00
-8.494199812412261963e-02 -1.790490001440048218e-01 1.062050014734268188e-01 0.000000000000000000e+00
-1.691199988126754761e-01 -1.632589995861053467e-01 7.384900003671646118e-02 0.000000000000000000e+00
-1.562449932098388672e-01 2.934620082378387451e-01 4.507900029420852661e-02 0.000000000000000000e+00
1.283340007066726685e-01 -1.665139943361282349e-01 -2.257989943027496338e-01 1.000000000000000000e+00
1.206350028514862061e-01 2.816540002822875977e-01 4.507900029420852661e-02 0.000000000000000000e+00
-2.124000107869505882e-03 3.554849922657012939e-01 4.507900029420852661e-02 0.000000000000000000e+00
-1.691199988126754761e-01 2.464960068464279175e-01 5.391699820756912231e-02 0.000000000000000000e+00
-6.645400077104568481e-02 2.781369984149932861e-01 1.133870035409927368e-01 0.000000000000000000e+00
-1.673839986324310303e-01 -4.801349937915802002e-01 6.847099959850311279e-02 1.000000000000000000e+00
3.789699822664260864e-02 -1.790490001440048218e-01 -1.625249981880187988e-01 0.000000000000000000e+00
-1.691199988126754761e-01 -3.254289925098419189e-01 -2.020220011472702026e-01 1.000000000000000000e+00
7.002700120210647583e-02 9.397199749946594238e-02 1.133870035409927368e-01 0.000000000000000000e+00
-1.691199988126754761e-01 -7.354000210762023926e-02 -1.476590037345886230e-01 0.000000000000000000e+00
-1.136009991168975830e-01 -3.680680096149444580e-01 3.375799953937530518e-02 1.000000000000000000e+00
-5.412200093269348145e-02 -1.328639984130859375e-01 -2.257989943027496338e-01 0.000000000000000000e+00
-1.123490035533905029e-01 1.419640034437179565e-01 1.133870035409927368e-01 0.000000000000000000e+00
-1.691199988126754761e-01 -4.607850015163421631e-01 -1.726599931716918945e-01 1.000000000000000000e+00
9.786999970674514771e-02 3.195379972457885742e-01 1.133870035409927368e-01 0.000000000000000000e+00
1.605709940195083618e-01 -2.622400037944316864e-02 1.133870035409927368e-01 0.000000000000000000e+00
1.700669974088668823e-01 -2.380499988794326782e-01 4.414299875497817993e-02 1.000000000000000000e+00
1.386460065841674805e-01 -1.392699964344501495e-02 -1.082910001277923584e-01 0.000000000000000000e+00
-8.862800151109695435e-02 -1.790490001440048218e-01 4.717399924993515015e-02 0.000000000000000000e+00
-1.136009991168975830e-01 -1.802349984645843506e-01 -1.713600009679794312e-01 0.000000000000000000e+00
1.111150011420249939e-01 -4.748229980468750000e-01 -2.031569927930831909e-01 1.000000000000000000e+00
7.151199877262115479e-02 -1.790490001440048218e-01 -7.369299978017807007e-02 0.000000000000000000e+00
1.278769969940185547e-01 -1.790490001440048218e-01 -1.360220015048980713e-01 0.000000000000000000e+00
-1.136009991168975830e-01 -2.184070050716400146e-01 1.010740026831626892e-01 1.000000000000000000e+00
2.164399996399879456e-02 3.964169919490814209e-01 7.171600311994552612e-02 0.000000000000000000e+00
1.700669974088668823e-01 -2.398049980401992798e-01 -1.603450030088424683e-01 1.000000000000000000e+00
-1.691199988126754761e-01 7.294000126421451569e-03 9.034699946641921997e-02 0.000000000000000000e+00
-1.636119931936264038e-01 -3.295240104198455811e-01 -1.570499986410140991e-01 1.000000000000000000e+00
1.111150011420249939e-01 -4.791589975357055664e-01 -1.717139929533004761e-01 1.000000000000000000e+00
-3.583300113677978516e-02 3.207710087299346924e-01 1.133870035409927368e-01 0.000000000000000000e+00
1.111150011420249939e-01 -2.859300076961517334e-01 -2.064480036497116089e-01 1.000000000000000000e+00
3.941699862480163574e-02 2.419580072164535522e-01 1.133870035409927368e-01 0.000000000000000000e+00
1.700669974088668823e-01 2.557930052280426025e-01 1.097140014171600342e-01 0.000000000000000000e+00
-1.136009991168975830e-01 -3.979960083961486816e-01 -1.954800039529800415e-01 1.000000000000000000e+00
1.490840017795562744e-01 -2.092559933662414551e-01 2.903099916875362396e-02 1.000000000000000000e+00
-1.136009991168975830e-01 -2.863120138645172119e-01 5.018299818038940430e-02 1.000000000000000000e+00
1.700669974088668823e-01 2.067019939422607422e-01 6.266900151968002319e-02 0.000000000000000000e+00
1.699309945106506348e-01 -1.392699964344501495e-02 -1.357999979518353939e-03 0.000000000000000000e+00
1.700669974088668823e-01 -4.619939923286437988e-01 -1.604840010404586792e-01 1.000000000000000000e+00
-7.561399787664413452e-02 -1.168190017342567444e-01 -2.257989943027496338e-01 0.000000000000000000e+00
1.111150011420249939e-01 -3.097049891948699951e-01 -1.989739984273910522e-01 1.000000000000000000e+00
-5.549899861216545105e-02 -1.790490001440048218e-01 -1.429859995841979980e-01 0.000000000000000000e+00
-1.640709936618804932e-01 -4.801349937915802002e-01 -1.630609929561614990e-01 1.000000000000000000e+00
-1.136009991168975830e-01 -3.662829995155334473e-01 -1.771329939365386963e-01 1.000000000000000000e+00
-8.057899773120880127e-02 -1.392699964344501495e-02 -1.737120002508163452e-01 0.000000000000000000e+00
9.329400211572647095e-02 2.112450003623962402e-01 4.507900029420852661e-02 0.000000000000000000e+00
-1.389330029487609863e-01 -2.824220061302185059e-01 2.903099916875362396e-02 1.000000000000000000e+00
1.700669974088668823e-01 -3.220919966697692871e-01 9.279800206422805786e-02 1.000000000000000000e+00
-1.624889969825744629e-01 3.805899992585182190e-02 4.507900029420852661e-02 0.000000000000000000e+00
-1.069100014865398407e-02 1.642490029335021973e-01 4.507900029420852661e-02 0.000000000000000000e+00
6.352499872446060181e-02 3.714200109243392944e-02 4.507900029420852661e-02 0.000000000000000000e+00
6.964000314474105835e-02 8.509200066328048706e-02 1.133870035409927368e-01 0.000000000000000000e+00
1.111150011420249939e-01 -2.728160023689270020e-01 7.208000123500823975e-02 1.000000000000000000e+00
1.700669974088668823e-01 -3.020110130310058594e-01 8.498799800872802734e-02 1.000000000000000000e+00
4.383299872279167175e-02 -1.790490001440048218e-01 -2.476100064814090729e-02 0.000000000000000000e+00
-6.615000218152999878e-02 -1.790490001440048218e-01 -2.314300090074539185e-02 0.000000000000000000e+00
-1.576679944992065430e-01 7.823999971151351929e-03 1.133870035409927368e-01 0.000000000000000000e+00
1.844899915158748627e-02 3.997699916362762451e-02 1.133870035409927368e-01 0.000000000000000000e+00
-1.136009991168975830e-01 -4.112519919872283936e-01 1.127780005335807800e-01 1.000000000000000000e+00
-1.691199988126754761e-01 -2.914730012416839600e-01 -2.004140019416809082e-01 1.000000000000000000e+00
6.292399764060974121e-02 -1.392699964344501495e-02 -2.144709974527359009e-01 0.000000000000000000e+00
1.700669974088668823e-01 1.744150072336196899e-01 9.809199720621109009e-02 0.000000000000000000e+00
1.690610051155090332e-01 -1.059570014476776123e-01 1.133870035409927368e-01 0.000000000000000000e+00
1.002309992909431458e-01 -1.790490001440048218e-01 3.898900002241134644e-02 0.000000000000000000e+00
-3.144500032067298889e-02 3.875379860401153564e-01 1.133870035409927368e-01 0.000000000000000000e+00
6.325799971818923950e-02 -1.392699964344501495e-02 -3.954600170254707336e-02 0.000000000000000000e+00
-1.335240006446838379e-01 3.528189957141876221e-01 4.507900029420852661e-02 0.000000000000000000e+00
1.471160054206848145e-01 -4.406999945640563965e-01 1.133870035409927368e-01 1.000000000000000000e+00
1.220880001783370972e-01 -4.306800067424774170e-01 1.133870035409927368e-01 1.000000000000000000e+00
1.404580026865005493e-01 -1.829250007867813110e-01 1.133870035409927368e-01 1.000000000000000000e+00
-1.369480043649673462e-01 -1.392699964344501495e-02 -4.650999978184700012e-02 0.000000000000000000e+00
1.111150011420249939e-01 -4.147900044918060303e-01 -2.206809967756271362e-01 1.000000000000000000e+00
9.364400058984756470e-02 2.923499941825866699e-01 4.507900029420852661e-02 0.000000000000000000e+00
1.700669974088668823e-01 3.106850087642669678e-01 5.615499988198280334e-02 0.000000000000000000e+00
-2.816200070083141327e-02 -1.392699964344501495e-02 -1.952479928731918335e-01 0.000000000000000000e+00
1.111150011420249939e-01 -3.225910067558288574e-01 4.000400006771087646e-02 1.000000000000000000e+00
1.394049972295761108e-01 3.083649873733520508e-01 4.507900029420852661e-02 0.000000000000000000e+00
-4.514899849891662598e-02 -1.790490001440048218e-01 -1.928630024194717407e-01 0.000000000000000000e+00
1.245599985122680664e-01 -4.432829916477203369e-01 2.903099916875362396e-02 1.000000000000000000e+00
1.284369975328445435e-01 -3.182770013809204102e-01 2.903099916875362396e-02 1.000000000000000000e+00
1.358080059289932251e-01 2.499800026416778564e-01 1.133870035409927368e-01 0.000000000000000000e+00
-1.136009991168975830e-01 -2.356989979743957520e-01 -1.829919964075088501e-01 1.000000000000000000e+00
1.259209960699081421e-01 -1.331990063190460205e-01 -2.257989943027496338e-01 0.000000000000000000e+00
4.747200012207031250e-02 -1.790490001440048218e-01 5.522200092673301697e-02 0.000000000000000000e+00
1.041930019855499268e-01 -1.392699964344501495e-02 1.486499980092048645e-02 0.000000000000000000e+00
-1.502570062875747681e-01 -1.790490001440048218e-01 -2.146000042557716370e-02 0.000000000000000000e+00
6.216000020503997803e-02 -1.392699964344501495e-02 -3.295999951660633087e-03 0.000000000000000000e+00
5.099299922585487366e-02 3.225370049476623535e-01 4.507900029420852661e-02 0.000000000000000000e+00
9.756500273942947388e-02 3.346099853515625000e-01 4.507900029420852661e-02 0.000000000000000000e+00
-8.403000235557556152e-02 -9.902299940586090088e-02 1.133870035409927368e-01 0.000000000000000000e+00
-9.211599826812744141e-02 1.417800039052963257e-01 1.133870035409927368e-01 0.000000000000000000e+00
-1.691199988126754761e-01 -1.451960057020187378e-01 -2.077579945325851440e-01 0.000000000000000000e+00
-1.691199988126754761e-01 3.484440147876739502e-01 5.087700113654136658e-02 0.000000000000000000e+00
-1.050999970175325871e-03 -8.263500034809112549e-02 -2.257989943027496338e-01 0.000000000000000000e+00
-7.781600207090377808e-02 -1.392699964344501495e-02 -8.346299827098846436e-02 0.000000000000000000e+00
1.186060011386871338e-01 -3.415440022945404053e-01 -1.570499986410140991e-01 1.000000000000000000e+00
6.812799721956253052e-02 2.312379926443099976e-01 4.507900029420852661e-02 0.000000000000000000e+00
1.291950047016143799e-01 2.797749936580657959e-01 4.507900029420852661e-02 0.000000000000000000e+00
1.468220055103302002e-01 -1.300300005823373795e-02 4.507900029420852661e-02 0.000000000000000000e+00
1.466049998998641968e-01 -1.392699964344501495e-02 -1.656139940023422241e-01 0.000000000000000000e+00
-9.773500263690948486e-02 -1.014840006828308105e-01 1.133870035409927368e-01 0.000000000000000000e+00
-1.691199988126754761e-01 -4.095369875431060791e-01 -1.956170052289962769e-01 1.000000000000000000e+00
7.514200359582901001e-02 -6.738999858498573303e-03 1.133870035409927368e-01 0.000000000000000000e+00
-5.533799901604652405e-02 -1.668159961700439453e-01 -2.257989943027496338e-01 0.000000000000000000e+00
-5.330500006675720215e-02 9.969200193881988525e-02 1.133870035409927368e-01 0.000000000000000000e+00
1.398420035839080811e-01 2.388290017843246460e-01 1.133870035409927368e-01 0.000000000000000000e+00
9.559299796819686890e-02 2.491189986467361450e-01 1.133870035409927368e-01 0.000000000000000000e+00
-1.137999966740608215e-01 2.179010063409805298e-01 4.507900029420852661e-02 0.000000000000000000e+00
-1.329859942197799683e-01 2.908329963684082031e-01 1.133870035409927368e-01 0.000000000000000000e+00
-1.656270027160644531e-01 -1.841679960489273071e-01 2.903099916875362396e-02 0.000000000000000000e+00
1.235930025577545166e-01 -2.503550052642822266e-01 -1.570499986410140991e-01 1.000000000000000000e+00
1.459060013294219971e-01 -2.014719992876052856e-01 -2.257989943027496338e-01 1.000000000000000000e+00
1.262270063161849976e-01 -3.153010010719299316e-01 -1.570499986410140991e-01 1.000000000000000000e+00
2.131499908864498138e-02 3.201569914817810059e-01 4.507900029420852661e-02 0.000000000000000000e+00
-1.691199988126754761e-01 2.593840062618255615e-01 8.461999893188476562e-02 0.000000000000000000e+00
1.663569957017898560e-01 -4.801349937915802002e-01 -1.723980009555816650e-01 1.000000000000000000e+00
7.295800000429153442e-02 2.563219964504241943e-01 4.507900029420852661e-02 0.000000000000000000e+00
5.431000143289566040e-02 -4.974199831485748291e-02 -2.257989943027496338e-01 0.000000000000000000e+00
-1.148649975657463074e-01 3.665100038051605225e-01 4.507900029420852661e-02 0.000000000000000000e+00
1.700669974088668823e-01 -3.205600082874298096e-01 -1.900739967823028564e-01 1.000000000000000000e+00
-1.515180021524429321e-01 3.214879930019378662e-01 4.507900029420852661e-02 0.000000000000000000e+00
-9.703200310468673706e-02 1.470700055360794067e-01 4.507900029420852661e-02 0.000000000000000000e+00
-1.183890029788017273e-01 -1.790490001440048218e-01 -6.259900331497192383e-02 0.000000000000000000e+00
3.093199990689754486e-02 3.959420025348663330e-01 7.699900120496749878e-02 0.000000000000000000e+00
-1.497700065374374390e-01 -2.291399985551834106e-01 -2.257989943027496338e-01 1.000000000000000000e+00
5.307099968194961548e-02 2.618120014667510986e-01 4.507900029420852661e-02 0.000000000000000000e+00
-1.342860013246536255e-01 -4.432480037212371826e-01 1.133870035409927368e-01 1.000000000000000000e+00
-3.281800076365470886e-02 -1.790490001440048218e-01 -4.017499834299087524e-02 0.000000000000000000e+00
-1.164069995284080505e-01 -1.523240059614181519e-01 -2.257989943027496338e-01 0.000000000000000000e+00
6.462199985980987549e-02 3.422969877719879150e-01 4.507900029420852661e-02 0.000000000000000000e+00
5.400199815630912781e-02 1.871799975633621216e-01 1.133870035409927368e-01 0.000000000000000000e+00
1.401450037956237793e-01 -1.312939971685409546e-01 1.133870035409927368e-01 0.000000000000000000e+00
1.111150011420249939e-01 -4.194740056991577148e-01 -1.675470024347305298e-01 1.000000000000000000e+00
1.483850032091140747e-01 3.644990026950836182e-01 1.133119985461235046e-01 0.000000000000000000e+00
1.229550018906593323e-01 1.877930015325546265e-01 4.507900029420852661e-02 0.000000000000000000e+00
1.124290004372596741e-01 -2.542169988155364990e-01 1.133870035409927368e-01 1.000000000000000000e+00
-1.691199988126754761e-01 -4.559220075607299805e-01 8.747400343418121338e-02 1.000000000000000000e+00
8.012999780476093292e-03 3.425819873809814453e-01 4.507900029420852661e-02 0.000000000000000000e+00
-1.691199988126754761e-01 8.474200218915939331e-02 4.984600096940994263e-02 0.000000000000000000e+00
1.111150011420249939e-01 -3.950139880180358887e-01 4.503000155091285706e-02 1.000000000000000000e+00
-1.691199988126754761e-01 -3.279390037059783936e-01 3.149399906396865845e-02 1.000000000000000000e+00
1.111150011420249939e-01 -4.132300019264221191e-01 -1.856929957866668701e-01 1.000000000000000000e+00
-2.292799949645996094e-02 3.963229954242706299e-01 1.130369976162910461e-01 0.000000000000000000e+00
4.273400083184242249e-02 2.115900069475173950e-01 4.507900029420852661e-02 0.000000000000000000e+00
-9.030699729919433594e-02 -1.790490001440048218e-01 7.774399966001510620e-02 0.000000000000000000e+00
1.222390010952949524e-01 3.037140071392059326e-01 1.133870035409927368e-01 0.000000000000000000e+00
-1.394290030002593994e-01 -4.801349937915802002e-01 -2.252929955720901489e-01 1.000000000000000000e+00
6.344900280237197876e-02 2.140319943428039551e-01 1.133870035409927368e-01 0.000000000000000000e+00
-1.094139963388442993e-01 2.995249927043914795e-01 1.133870035409927368e-01 0.000000000000000000e+00
-1.691199988126754761e-01 -1.027790009975433350e-01 -1.032920032739639282e-01 0.000000000000000000e+00
-1.055010035634040833e-01 -2.882800064980983734e-02 -2.257989943027496338e-01 0.000000000000000000e+00
-1.553589999675750732e-01 -2.243320047855377197e-01 -1.570499986410140991e-01 1.000000000000000000e+00
-7.454200088977813721e-02 -3.717099875211715698e-02 1.133870035409927368e-01 0.000000000000000000e+00
1.700669974088668823e-01 -3.037899918854236603e-02 -6.360600143671035767e-02 0.000000000000000000e+00
-1.563989967107772827e-01 -1.392699964344501495e-02 3.322999924421310425e-02 0.000000000000000000e+00
1.469900012016296387e-01 3.651919960975646973e-01 9.648200124502182007e-02 0.000000000000000000e+00
2.507200092077255249e-02 -1.392699964344501495e-02 -7.000400125980377197e-02 0.000000000000000000e+00
1.700669974088668823e-01 -3.886710107326507568e-01 6.364800035953521729e-02 1.000000000000000000e+00
-1.136009991168975830e-01 -4.712440073490142822e-01 8.769000321626663208e-02 1.000000000000000000e+00
-1.179609969258308411e-01 1.671749949455261230e-01 1.133870035409927368e-01 0.000000000000000000e+00
-1.542139947414398193e-01 -1.861860007047653198e-01 1.133870035409927368e-01 1.000000000000000000e+00
5.103399977087974548e-02 -1.790490001440048218e-01 -1.177060008049011230e-01 0.000000000000000000e+00
1.111150011420249939e-01 -2.868649959564208984e-01 5.154800042510032654e-02 1.000000000000000000e+00
1.404329985380172729e-01 -3.008799999952316284e-02 -2.257989943027496338e-01 0.000000000000000000e+00
7.701999973505735397e-03 -1.446689963340759277e-01 1.133870035409927368e-01 0.000000000000000000e+00
1.700669974088668823e-01 -1.230230033397674561e-01 -2.975000068545341492e-03 0.000000000000000000e+00
1.259140074253082275e-01 -4.346590042114257812e-01 2.903099916875362396e-02 1.000000000000000000e+00
-1.399690061807632446e-01 2.991200052201747894e-02 1.133870035409927368e-01 0.000000000000000000e+00
-9.574300050735473633e-02 1.144639998674392700e-01 1.133870035409927368e-01 0.000000000000000000e+00
-1.454370021820068359e-01 -4.231950044631958008e-01 -2.257989943027496338e-01 1.000000000000000000e+00
1.555919945240020752e-01 -1.911379992961883545e-01 2.903099916875362396e-02 0.000000000000000000e+00
1.111150011420249939e-01 -1.997620016336441040e-01 -2.026599943637847900e-01 1.000000000000000000e+00
1.394110023975372314e-01 -3.554770052433013916e-01 2.903099916875362396e-02 1.000000000000000000e+00
1.539980024099349976e-01 -3.478769958019256592e-01 2.903099916875362396e-02 1.000000000000000000e+00
-1.341339945793151855e-01 -3.981130123138427734e-01 -2.257989943027496338e-01 1.000000000000000000e+00
-9.964299947023391724e-02 9.575600177049636841e-02 1.133870035409927368e-01 0.000000000000000000e+00
-1.691199988126754761e-01 -1.742899976670742035e-02 1.044680029153823853e-01 0.000000000000000000e+00
-1.691199988126754761e-01 1.555099990218877792e-02 9.305399656295776367e-02 0.000000000000000000e+00
1.700669974088668823e-01 -8.411499857902526855e-02 -2.077410072088241577e-01 0.000000000000000000e+00
2.827399969100952148e-02 -1.392699964344501495e-02 3.975800052285194397e-02 0.000000000000000000e+00
1.111150011420249939e-01 -3.662439882755279541e-01 3.184099867939949036e-02 1.000000000000000000e+00
1.111150011420249939e-01 -4.487000107765197754e-01 9.706699848175048828e-02 1.000000000000000000e+00
-2.853499911725521088e-02 -1.790490001440048218e-01 5.415799841284751892e-02 0.000000000000000000e+00
1.700669974088668823e-01 -8.691400289535522461e-02 6.183199957013130188e-02 0.000000000000000000e+00
-9.395500272512435913e-02 -1.392699964344501495e-02 -1.834450066089630127e-01 0.000000000000000000e+00
-1.691199988126754761e-01 -3.681620061397552490e-01 -2.059549987316131592e-01 1.000000000000000000e+00
1.700669974088668823e-01 -6.704299896955490112e-02 -1.263460069894790649e-01 0.000000000000000000e+00
1.601410061120986938e-01 -2.810350060462951660e-01 2.903099916875362396e-02 1.000000000000000000e+00
1.700669974088668823e-01 -7.989999721758067608e-04 6.698299944400787354e-02 0.000000000000000000e+00
1.079400032758712769e-01 1.495279967784881592e-01 1.133870035409927368e-01 0.000000000000000000e+00
-1.061099953949451447e-02 3.968409895896911621e-01 7.988300174474716187e-02 0.000000000000000000e+00
-8.797000348567962646e-02 -3.798399865627288818e-02 -2.257989943027496338e-01 0.000000000000000000e+00
-1.289210021495819092e-01 -4.453339874744415283e-01 2.903099916875362396e-02 1.000000000000000000e+00
1.700669974088668823e-01 1.831350028514862061e-01 1.110849976539611816e-01 0.000000000000000000e+00
-1.691199988126754761e-01 -7.259199768304824829e-02 -4.820299893617630005e-02 0.000000000000000000e+00
1.700669974088668823e-01 -1.633920073509216309e-01 -6.767900288105010986e-02 0.000000000000000000e+00
-1.012540012598037720e-01 -6.513900309801101685e-02 1.133870035409927368e-01 0.000000000000000000e+00
5.134499818086624146e-02 -1.392699964344501495e-02 -1.345800012350082397e-01 0.000000000000000000e+00
-1.136009991168975830e-01 -4.090720117092132568e-01 9.647600352764129639e-02 1.000000000000000000e+00
-1.691199988126754761e-01 1.248949989676475525e-01 8.416900038719177246e-02 0.000000000000000000e+00
4.552000202238559723e-03 1.581459939479827881e-01 1.133870035409927368e-01 0.000000000000000000e+00
1.534540057182312012e-01 -4.619359970092773438e-01 -2.257989943027496338e-01 1.000000000000000000e+00
-1.436999998986721039e-02 -1.392699964344501495e-02 -2.171979993581771851e-01 0.000000000000000000e+00
-5.347999930381774902e-02 -1.953399926424026489e-02 -2.257989943027496338e-01 0.000000000000000000e+00
-1.691199988126754761e-01 -1.670390069484710693e-01 3.746999893337488174e-03 0.000000000000000000e+00
1.492449939250946045e-01 -1.590380072593688965e-01 1.133870035409927368e-01 1.000000000000000000e+00
1.700669974088668823e-01 -5.314499884843826294e-02 -1.545830070972442627e-01 0.000000000000000000e+00
-1.691199988126754761e-01 2.316579967737197876e-01 9.012600034475326538e-02 0.000000000000000000e+00
-1.147769987583160400e-01 -3.168079853057861328e-01 -2.257989943027496338e-01 1.000000000000000000e+00
1.700669974088668823e-01 -2.868199907243251801e-02 -2.205969989299774170e-01 0.000000000000000000e+00
-6.933599710464477539e-02 3.830929994583129883e-01 4.507900029420852661e-02 0.000000000000000000e+00
-1.229050010442733765e-01 3.245530128479003906e-01 4.507900029420852661e-02 0.000000000000000000e+00
-1.394349932670593262e-01 1.956100016832351685e-02 1.133870035409927368e-01 0.000000000000000000e+00
6.453000009059906006e-03 3.482420146465301514e-01 1.133870035409927368e-01 0.000000000000000000e+00
-1.691199988126754761e-01 -4.233559966087341309e-01 9.893199801445007324e-02 1.000000000000000000e+00
3.454599902033805847e-02 3.211829960346221924e-01 1.133870035409927368e-01 0.000000000000000000e+00
9.473399817943572998e-02 -1.790490001440048218e-01 -1.882530003786087036e-01 0.000000000000000000e+00
1.700669974088668823e-01 9.727200120687484741e-02 1.009259968996047974e-01 0.000000000000000000e+00
6.060999818146228790e-03 3.325679898262023926e-01 4.507900029420852661e-02 0.000000000000000000e+00
1.700669974088668823e-01 -6.125599890947341919e-02 -1.402669996023178101e-01 0.000000000000000000e+00
-1.381279975175857544e-01 3.032290041446685791e-01 1.133870035409927368e-01 0.000000000000000000e+00
5.661899968981742859e-02 -9.340999647974967957e-03 4.507900029420852661e-02 0.000000000000000000e+00
-1.136009991168975830e-01 -4.088580012321472168e-01 8.473700284957885742e-02 1.000000000000000000e+00
-7.799999788403511047e-03 9.693999774754047394e-03 4.507900029420852661e-02 0.000000000000000000e+00
-1.136009991168975830e-01 -2.134920060634613037e-01 -1.583240032196044922e-01 1.000000000000000000e+00
-1.498270034790039062e-01 2.741090059280395508e-01 4.507900029420852661e-02 0.000000000000000000e+00
7.603699713945388794e-02 2.232979983091354370e-01 1.133870035409927368e-01 0.000000000000000000e+00
1.700669974088668823e-01 -3.461740016937255859e-01 3.376999869942665100e-02 1.000000000000000000e+00
1.383469998836517334e-01 1.709779947996139526e-01 4.507900029420852661e-02 0.000000000000000000e+00
1.471679955720901489e-01 1.805689930915832520e-01 4.507900029420852661e-02 0.000000000000000000e+00
-1.691199988126754761e-01 -3.376900032162666321e-02 -2.168290019035339355e-01 0.000000000000000000e+00
-1.691199988126754761e-01 4.116699844598770142e-02 1.130760014057159424e-01 0.000000000000000000e+00
-1.691199988126754761e-01 -1.102870032191276550e-01 -4.837999865412712097e-02 0.000000000000000000e+00
-1.131329983472824097e-01 3.292579948902130127e-01 1.133870035409927368e-01 0.000000000000000000e+00
1.700669974088668823e-01 1.163690015673637390e-01 7.828299701213836670e-02 0.000000000000000000e+00
-5.767700076103210449e-02 -1.790490001440048218e-01 6.424099951982498169e-02 0.000000000000000000e+00
1.700669974088668823e-01 -5.649000033736228943e-02 -1.194040030241012573e-01 0.000000000000000000e+00
-7.059500366449356079e-02 2.150119990110397339e-01 1.133870035409927368e-01 0.000000000000000000e+00
-1.691199988126754761e-01 -4.313600063323974609e-02 -1.977670043706893921e-01 0.000000000000000000e+00
-1.158120036125183105e-01 -3.096669912338256836e-01 -1.570499986410140991e-01 1.000000000000000000e+00
-1.515489965677261353e-01 -4.290719926357269287e-01 -2.257989943027496338e-01 1.000000000000000000e+00
-1.691199988126754761e-01 -3.800149857997894287e-01 5.789199844002723694e-02 1.000000000000000000e+00
1.588490009307861328e-01 -1.043400019407272339e-01 -2.257989943027496338e-01 0.000000000000000000e+00
1.700669974088668823e-01 1.942349970340728760e-01 1.128460019826889038e-01 0.000000000000000000e+00
-1.136009991168975830e-01 -2.659490108489990234e-01 1.048609986901283264e-01 1.000000000000000000e+00
-7.802399992942810059e-02 3.743079900741577148e-01 4.507900029420852661e-02 0.000000000000000000e+00
-9.365099668502807617e-02 2.282360047101974487e-01 1.133870035409927368e-01 0.000000000000000000e+00
1.700669974088668823e-01 -3.069410026073455811e-01 9.256900101900100708e-02 1.000000000000000000e+00
-3.809300065040588379e-02 -6.110199913382530212e-02 -2.257989943027496338e-01 0.000000000000000000e+00
1.700669974088668823e-01 2.937380075454711914e-01 6.150599941611289978e-02 0.000000000000000000e+00
-3.932999819517135620e-02 -1.392699964344501495e-02 4.480000119656324387e-03 0.000000000000000000e+00
1.567839980125427246e-01 -2.500360012054443359e-01 -1.570499986410140991e-01 1.000000000000000000e+00
-1.290419995784759521e-01 -2.728039920330047607e-01 -1.570499986410140991e-01 1.000000000000000000e+00
-8.524999953806400299e-03 -1.392699964344501495e-02 -1.276330053806304932e-01 0.000000000000000000e+00
-1.633130013942718506e-01 -1.790490001440048218e-01 -5.035400018095970154e-02 0.000000000000000000e+00
-1.325879991054534912e-01 9.691400080919265747e-02 4.507900029420852661e-02 0.000000000000000000e+00
-1.615999937057495117e-01 -4.437730014324188232e-01 -1.570499986410140991e-01 1.000000000000000000e+00
-1.106920018792152405e-01 -1.392699964344501495e-02 -2.232650071382522583e-01 0.000000000000000000e+00
1.111150011420249939e-01 -2.447549998760223389e-01 9.198199957609176636e-02 1.000000000000000000e+00
-1.338009983301162720e-01 2.779100090265274048e-02 1.133870035409927368e-01 0.000000000000000000e+00
1.328810006380081177e-01 3.148129880428314209e-01 4.507900029420852661e-02 0.000000000000000000e+00
-1.326729953289031982e-01 -4.655910134315490723e-01 1.133870035409927368e-01 1.000000000000000000e+00
-1.691199988126754761e-01 -1.953200064599514008e-02 1.011000014841556549e-02 0.000000000000000000e+00
-1.105310022830963135e-01 -1.392699964344501495e-02 2.908900007605552673e-02 0.000000000000000000e+00
-2.684999955818057060e-03 -1.392699964344501495e-02 -1.267199963331222534e-02 0.000000000000000000e+00
-6.864400207996368408e-02 3.261930048465728760e-01 4.507900029420852661e-02 0.000000000000000000e+00
1.111150011420249939e-01 -3.507699966430664062e-01 -1.717820018529891968e-01 1.000000000000000000e+00
1.081710010766983032e-01 3.689920008182525635e-01 1.133870035409927368e-01 0.000000000000000000e+00
-1.190550029277801514e-01 -4.415139853954315186e-01 -1.570499986410140991e-01 1.000000000000000000e+00
1.700669974088668823e-01 -2.776139974594116211e-01 -2.138250023126602173e-01 1.000000000000000000e+00
-1.657319962978363037e-01 -4.289720058441162109e-01 1.133870035409927368e-01 1.000000000000000000e+00
1.248989999294281006e-01 -1.392699964344501495e-02 -5.770099908113479614e-02 0.000000000000000000e+00
1.700669974088668823e-01 -3.046410083770751953e-01 1.010179966688156128e-01 1.000000000000000000e+00
1.341920047998428345e-01 -2.711809873580932617e-01 2.903099916875362396e-02 1.000000000000000000e+00
1.700669974088668823e-01 -4.490190148353576660e-01 -2.116030007600784302e-01 1.000000000000000000e+00
-1.159389987587928772e-01 2.663510143756866455e-01 4.507900029420852661e-02 0.000000000000000000e+00
1.091609969735145569e-01 -1.392699964344501495e-02 -1.072449982166290283e-01 0.000000000000000000e+00
4.147399961948394775e-02 -1.790490001440048218e-01 -5.677599832415580750e-02 0.000000000000000000e+00
-1.085679978132247925e-01 -1.790490001440048218e-01 4.784300178289413452e-02 0.000000000000000000e+00
-1.691199988126754761e-01 7.193000055849552155e-03 6.718800216913223267e-02 0.000000000000000000e+00
6.748600304126739502e-02 -1.790490001440048218e-01 9.890000335872173309e-03 0.000000000000000000e+00
-1.691199988126754761e-01 -3.907800093293190002e-02 5.365499854087829590e-02 0.000000000000000000e+00
1.504420042037963867e-01 -3.321659862995147705e-01 1.133870035409927368e-01 1.000000000000000000e+00
1.533399969339370728e-01 -4.801349937915802002e-01 -1.961420029401779175e-01 1.000000000000000000e+00
-1.337009966373443604e-01 2.780399918556213379e-01 1.133870035409927368e-01 0.000000000000000000e+00
1.700669974088668823e-01 1.715790033340454102e-01 7.454500347375869751e-02 0.000000000000000000e+00
1.700669974088668823e-01 -3.786099851131439209e-01 -1.755779981613159180e-01 1.000000000000000000e+00
-1.485870033502578735e-01 9.935600310564041138e-02 4.507900029420852661e-02 0.000000000000000000e+00
1.302389949560165405e-01 2.810170054435729980e-01 4.507900029420852661e-02 0.000000000000000000e+00
-1.291780024766921997e-01 -2.870210111141204834e-01 1.133870035409927368e-01 1.000000000000000000e+00
1.509869992733001709e-01 -1.790490001440048218e-01 -8.534099906682968140e-02 0.000000000000000000e+00
-8.426199853420257568e-02 -1.790490001440048218e-01 3.479899838566780090e-02 0.000000000000000000e+00
1.700669974088668823e-01 9.547200053930282593e-02 4.677600041031837463e-02 0.000000000000000000e+00
-3.039300069212913513e-02 -1.392699964344501495e-02 6.858000066131353378e-03 0.000000000000000000e+00
1.623129993677139282e-01 -2.900969982147216797e-01 -2.257989943027496338e-01 1.000000000000000000e+00
-5.776900053024291992e-02 -1.636479943990707397e-01 1.133870035409927368e-01 0.000000000000000000e+00
1.455039978027343750e-01 2.079830020666122437e-01 4.507900029420852661e-02 0.000000000000000000e+00
-1.557839959859848022e-01 6.142900139093399048e-02 1.133870035409927368e-01 0.000000000000000000e+00
1.111150011420249939e-01 -1.847790032625198364e-01 -1.904110014438629150e-01 0.000000000000000000e+00
3.846099972724914551e-02 3.609700128436088562e-02 4.507900029420852661e-02 0.000000000000000000e+00
-1.691199988126754761e-01 -2.346399985253810883e-02 1.360999979078769684e-02 0.000000000000000000e+00
2.333899959921836853e-02 -1.790490001440048218e-01 -8.781799674034118652e-02 0.000000000000000000e+00
1.700669974088668823e-01 5.531299859285354614e-02 7.472199946641921997e-02 0.000000000000000000e+00
-1.136009991168975830e-01 -4.085910022258758545e-01 5.240299925208091736e-02 1.000000000000000000e+00
1.411210000514984131e-01 -2.756969928741455078e-01 -1.570499986410140991e-01 1.000000000000000000e+00
1.001949980854988098e-01 -1.289460062980651855e-01 1.133870035409927368e-01 0.000000000000000000e+00
8.752799779176712036e-02 -1.392699964344501495e-02 3.849900141358375549e-02 0.000000000000000000e+00
-1.691199988126754761e-01 -1.318250000476837158e-01 5.499399825930595398e-02 0.000000000000000000e+00
-1.052860021591186523e-01 -1.392699964344501495e-02 -1.699240058660507202e-01 0.000000000000000000e+00
1.111150011420249939e-01 -4.482069909572601318e-01 5.791300162672996521e-02 1.000000000000000000e+00
-1.691199988126754761e-01 -4.023239910602569580e-01 -1.732980012893676758e-01 1.000000000000000000e+00
2.940499968826770782e-02 -1.743389964103698730e-01 1.133870035409927368e-01 0.000000000000000000e+00
-1.513369977474212646e-01 5.073599889874458313e-02 4.507900029420852661e-02 0.000000000000000000e+00
2.559999993536621332e-04 -1.392699964344501495e-02 -2.110339999198913574e-01 0.000000000000000000e+00
-1.011030003428459167e-01 2.035479992628097534e-01 1.133870035409927368e-01 0.000000000000000000e+00
1.700669974088668823e-01 -3.829500079154968262e-02 9.753499925136566162e-02 0.000000000000000000e+00
1.111150011420249939e-01 -3.570939898490905762e-01 -2.212170064449310303e-01 1.000000000000000000e+00
5.834500119090080261e-02 -1.392699964344501495e-02 -2.032499946653842926e-02 0.000000000000000000e+00
-1.039499975740909576e-02 1.734309941530227661e-01 1.133870035409927368e-01 0.000000000000000000e+00
-1.566199958324432373e-02 -1.545519977807998657e-01 1.133870035409927368e-01 0.000000000000000000e+00
-1.691199988126754761e-01 -1.588200032711029053e-02 3.918199986219406128e-02 0.000000000000000000e+00
-1.539209932088851929e-01 3.115780055522918701e-01 4.507900029420852661e-02 0.000000000000000000e+00
1.497090011835098267e-01 -2.884410023689270020e-01 2.903099916875362396e-02 1.000000000000000000e+00
-5.395000055432319641e-02 -1.149879992008209229e-01 1.133870035409927368e-01 0.000000000000000000e+00
4.893700033426284790e-02 -1.790490001440048218e-01 3.725399821996688843e-02 0.000000000000000000e+00
-1.119249984622001648e-01 2.384389936923980713e-01 1.133870035409927368e-01 0.000000000000000000e+00
-2.768000029027462006e-02 7.893899828195571899e-02 4.507900029420852661e-02 0.000000000000000000e+00
-8.700899779796600342e-02 -1.392699964344501495e-02 -1.320900022983551025e-02 0.000000000000000000e+00
-1.691199988126754761e-01 -4.216699898242950439e-01 5.892200022935867310e-02 1.000000000000000000e+00
-1.691199988126754761e-01 -2.204850018024444580e-01 -1.895709931850433350e-01 1.000000000000000000e+00
7.676800340414047241e-02 -1.093140020966529846e-01 1.133870035409927368e-01 0.000000000000000000e+00
1.700669974088668823e-01 -4.608780145645141602e-01 -2.120089977979660034e-01 1.000000000000000000e+00
1.296160072088241577e-01 -8.621499687433242798e-02 -2.257989943027496338e-01 0.000000000000000000e+00
-1.288720071315765381e-01 -3.176879882812500000e-01 2.903099916875362396e-02 1.000000000000000000e+00
-9.254500269889831543e-02 -1.790490001440048218e-01 -1.527190059423446655e-01 0.000000000000000000e+00
1.501590013504028320e-01 -3.029409945011138916e-01 -2.257989943027496338e-01 1.000000000000000000e+00
1.412789970636367798e-01 -4.304879903793334961e-01 -2.257989943027496338e-01 1.000000000000000000e+00
1.999999949475750327e-04 -1.400270015001296997e-01 1.133870035409927368e-01 0.000000000000000000e+00
-3.083500079810619354e-02 -1.392699964344501495e-02 3.865899890661239624e-02 0.000000000000000000e+00
8.797699958086013794e-02 3.862479925155639648e-01 7.040400058031082153e-02 0.000000000000000000e+00
1.700669974088668823e-01 -6.719099730253219604e-02 -1.027240008115768433e-01 0.000000000000000000e+00
9.494599699974060059e-02 1.311009973287582397e-01 4.507900029420852661e-02 0.000000000000000000e+00
-1.132590025663375854e-01 3.783249855041503906e-01 6.016200035810470581e-02 0.000000000000000000e+00
8.682000450789928436e-03 -1.790490001440048218e-01 -9.560099989175796509e-02 0.000000000000000000e+00
1.700669974088668823e-01 1.403539925813674927e-01 9.533300250768661499e-02 0.000000000000000000e+00
1.522140055894851685e-01 -4.392449855804443359e-01 -2.257989943027496338e-01 1.000000000000000000e+00
9.687999635934829712e-02 -1.790490001440048218e-01 -2.644800022244453430e-02 0.000000000000000000e+00
1.497520059347152710e-01 1.720460057258605957e-01 1.133870035409927368e-01 0.000000000000000000e+00
1.700669974088668823e-01 -1.360999941825866699e-01 -2.022739946842193604e-01 0.000000000000000000e+00
1.700669974088668823e-01 -4.751960039138793945e-01 4.121400043368339539e-02 1.000000000000000000e+00
1.427309960126876831e-01 -4.801349937915802002e-01 6.093899905681610107e-02 1.000000000000000000e+00
-1.691199988126754761e-01 -8.101499825716018677e-02 -1.355960071086883545e-01 0.000000000000000000e+00
8.806200325489044189e-02 3.481869995594024658e-01 4.507900029420852661e-02 0.000000000000000000e+00
1.111150011420249939e-01 -2.087199985980987549e-01 1.038289964199066162e-01 1.000000000000000000e+00
1.219429969787597656e-01 -1.392699964344501495e-02 1.868999935686588287e-02 0.000000000000000000e+00
1.700669974088668823e-01 -5.397199839353561401e-02 -7.971800118684768677e-02 0.000000000000000000e+00
-1.018949970602989197e-01 -1.392699964344501495e-02 2.049499936401844025e-02 0.000000000000000000e+00
1.700669974088668823e-01 1.389970034360885620e-01 9.078700095415115356e-02 0.000000000000000000e+00
1.318310052156448364e-01 -2.066819965839385986e-01 -1.570499986410140991e-01 1.000000000000000000e+00
1.590439975261688232e-01 -4.300029873847961426e-01 -1.570499986410140991e-01 1.000000000000000000e+00
1.637129932641983032e-01 -2.227769941091537476e-01 -1.570499986410140991e-01 1.000000000000000000e+00
-2.111699990928173065e-02 -1.790490001440048218e-01 2.659999951720237732e-02 0.000000000000000000e+00
-1.136009991168975830e-01 -2.776019871234893799e-01 -1.601410061120986938e-01 1.000000000000000000e+00
-4.099999932805076241e-05 1.465560048818588257e-01 4.507900029420852661e-02 0.000000000000000000e+00
-1.691199988126754761e-01 3.060820102691650391e-01 4.896499961614608765e-02 0.000000000000000000e+00
9.260799735784530640e-02 -1.334760040044784546e-01 -2.257989943027496338e-01 0.000000000000000000e+00
-1.645099967718124390e-01 -2.361479997634887695e-01 2.903099916875362396e-02 1.000000000000000000e+00
1.700669974088668823e-01 -2.783049941062927246e-01 -1.712529957294464111e-01 1.000000000000000000e+00
-1.173750013113021851e-01 -1.392699964344501495e-02 -2.184520065784454346e-01 0.000000000000000000e+00
8.268900215625762939e-02 1.393299996852874756e-01 4.507900029420852661e-02 0.000000000000000000e+00
1.111150011420249939e-01 -1.981000006198883057e-01 -2.076050043106079102e-01 1.000000000000000000e+00
-1.691199988126754761e-01 -4.082370102405548096e-01 -2.037449926137924194e-01 1.000000000000000000e+00
6.235999986529350281e-03 -1.392699964344501495e-02 4.254499822854995728e-02 0.000000000000000000e+00
1.111150011420249939e-01 -4.024930000305175781e-01 5.886200070381164551e-02 1.000000000000000000e+00
1.706499978899955750e-02 -1.392699964344501495e-02 -8.512599766254425049e-02 0.000000000000000000e+00
-8.522699773311614990e-02 -1.392699964344501495e-02 -2.181739956140518188e-01 0.000000000000000000e+00
-1.326760053634643555e-01 -2.101069986820220947e-01 1.133870035409927368e-01 1.000000000000000000e+00
-1.136009991168975830e-01 -2.858670055866241455e-01 5.662199854850769043e-02 1.000000000000000000e+00
9.746699780225753784e-02 1.476259976625442505e-01 1.133870035409927368e-01 0.000000000000000000e+00
1.499329954385757446e-01 -1.392699964344501495e-02 -9.313000366091728210e-03 0.000000000000000000e+00
1.681710034608840942e-01 -2.490070015192031860e-01 -1.570499986410140991e-01 1.000000000000000000e+00
-2.450799942016601562e-02 -1.228540018200874329e-01 1.133870035409927368e-01 0.000000000000000000e+00
-1.264670044183731079e-01 -3.999099880456924438e-02 1.133870035409927368e-01 0.000000000000000000e+00
-8.115600049495697021e-02 3.874979913234710693e-01 8.240000158548355103e-02 0.000000000000000000e+00
-1.136170029640197754e-01 -2.091690003871917725e-01 1.133870035409927368e-01 1.000000000000000000e+00
1.889099925756454468e-02 -1.790490001440048218e-01 -1.756930053234100342e-01 0.000000000000000000e+00
1.545870006084442139e-01 -3.441680073738098145e-01 1.133870035409927368e-01 1.000000000000000000e+00
-1.050280034542083740e-01 -1.401990056037902832e-01 1.133870035409927368e-01 0.000000000000000000e+00
-1.691199988126754761e-01 -7.139299809932708740e-02 -1.510809957981109619e-01 0.000000000000000000e+00
-1.682589948177337646e-01 -4.263499975204467773e-01 -2.257989943027496338e-01 1.000000000000000000e+00
1.508159935474395752e-01 1.480980068445205688e-01 4.507900029420852661e-02 0.000000000000000000e+00
1.572840064764022827e-01 -3.338409960269927979e-01 2.903099916875362396e-02 1.000000000000000000e+00
-8.641599863767623901e-02 1.503030061721801758e-01 4.507900029420852661e-02 0.000000000000000000e+00
3.132700175046920776e-02 3.943560123443603516e-01 4.507900029420852661e-02 0.000000000000000000e+00
1.463489979505538940e-01 -2.111729979515075684e-01 1.133870035409927368e-01 1.000000000000000000e+00
-5.392200127243995667e-02 3.300699964165687561e-02 4.507900029420852661e-02 0.000000000000000000e+00
1.403409987688064575e-01 -3.313910067081451416e-01 2.903099916875362396e-02 1.000000000000000000e+00
1.203930005431175232e-01 3.539060056209564209e-01 4.507900029420852661e-02 0.000000000000000000e+00
-1.557170003652572632e-01 -2.811540067195892334e-01 2.903099916875362396e-02 1.000000000000000000e+00
-1.136009991168975830e-01 -2.615709900856018066e-01 4.044499993324279785e-02 1.000000000000000000e+00
-6.984899938106536865e-02 6.038099899888038635e-02 4.507900029420852661e-02 0.000000000000000000e+00
1.547900028526782990e-02 1.542340070009231567e-01 4.507900029420852661e-02 0.000000000000000000e+00
1.700669974088668823e-01 -1.935500092804431915e-02 -9.106799960136413574e-02 0.000000000000000000e+00
7.670500129461288452e-02 2.615680098533630371e-01 4.507900029420852661e-02 0.000000000000000000e+00
-1.306069940328598022e-01 2.310930043458938599e-01 1.133870035409927368e-01 0.000000000000000000e+00
-9.411600232124328613e-02 3.841109871864318848e-01 1.068509966135025024e-01 0.000000000000000000e+00
-2.284899912774562836e-02 -1.392699964344501495e-02 4.235000163316726685e-02 0.000000000000000000e+00
-5.172200128436088562e-02 2.280980050563812256e-01 1.133870035409927368e-01 0.000000000000000000e+00
-1.587440073490142822e-01 -3.864639997482299805e-01 1.133870035409927368e-01 1.000000000000000000e+00
1.292800009250640869e-01 9.155400097370147705e-02 1.133870035409927368e-01 0.000000000000000000e+00
-1.517159938812255859e-01 -2.454829961061477661e-01 -2.257989943027496338e-01 1.000000000000000000e+00
1.700669974088668823e-01 -2.440099976956844330e-02 -5.825699865818023682e-02 0.000000000000000000e+00
1.700669974088668823e-01 3.358199894428253174e-01 1.128839999437332153e-01 0.000000000000000000e+00
1.667899936437606812e-01 -1.926839947700500488e-01 -2.257989943027496338e-01 1.000000000000000000e+00
-1.063959971070289612e-01 -2.745299972593784332e-02 1.133870035409927368e-01 0.000000000000000000e+00
1.243100017309188843e-01 -4.592050015926361084e-01 2.903099916875362396e-02 1.000000000000000000e+00
-1.221939995884895325e-01 -1.790490001440048218e-01 -3.368699923157691956e-02 0.000000000000000000e+00
8.871600031852722168e-02 -1.790490001440048218e-01 1.557999989017844200e-03 0.000000000000000000e+00
-1.136009991168975830e-01 -3.023340106010437012e-01 8.559600263833999634e-02 1.000000000000000000e+00
-1.136009991168975830e-01 -3.720329999923706055e-01 -2.021519988775253296e-01 1.000000000000000000e+00
-1.269219964742660522e-01 -2.217109948396682739e-01 1.133870035409927368e-01 1.000000000000000000e+00
-1.691199988126754761e-01 -1.655669957399368286e-01 1.073210015892982483e-01 0.000000000000000000e+00
-1.136009991168975830e-01 -3.743520081043243408e-01 -1.605080068111419678e-01 1.000000000000000000e+00
1.433759927749633789e-01 -1.392699964344501495e-02 -4.425299912691116333e-02 0.000000000000000000e+00
-1.240599993616342545e-02 1.930600032210350037e-02 1.133870035409927368e-01 0.000000000000000000e+00
-8.216000348329544067e-02 -1.790490001440048218e-01 6.080500036478042603e-02 0.000000000000000000e+00
-3.799799829721450806e-02 -1.790490001440048218e-01 1.757499948143959045e-02 0.000000000000000000e+00
-1.493619978427886963e-01 2.619009912014007568e-01 4.507900029420852661e-02 0.000000000000000000e+00
1.503860056400299072e-01 -1.790490001440048218e-01 2.493700012564659119e-02 0.000000000000000000e+00
-1.691199988126754761e-01 -2.160840034484863281e-01 -1.990199983119964600e-01 1.000000000000000000e+00
-1.570940017700195312e-01 -2.970390021800994873e-01 -2.257989943027496338e-01 1.000000000000000000e+00
-1.691199988126754761e-01 -3.176909983158111572e-01 1.013609990477561951e-01 1.000000000000000000e+00
-1.691199988126754761e-01 -2.880580127239227295e-01 7.969400286674499512e-02 1.000000000000000000e+00
-1.691199988126754761e-01 1.415839940309524536e-01 9.945800155401229858e-02 0.000000000000000000e+00
-1.691199988126754761e-01 3.213880062103271484e-01 9.776700288057327271e-02 0.000000000000000000e+00
-8.048699796199798584e-02 -1.288049966096878052e-01 -2.257989943027496338e-01 0.000000000000000000e+00
2.884400077164173126e-02 4.532799869775772095e-02 1.133870035409927368e-01 0.000000000000000000e+00
1.700669974088668823e-01 -3.610520064830780029e-01 8.206900209188461304e-02 1.000000000000000000e+00
-1.380670070648193359e-01 -4.801349937915802002e-01 -2.097209990024566650e-01 1.000000000000000000e+00
1.022929996252059937e-01 -1.278489977121353149e-01 1.133870035409927368e-01 0.000000000000000000e+00
-7.892999798059463501e-03 -8.937999606132507324e-03 1.133870035409927368e-01 0.000000000000000000e+00
-8.076400309801101685e-02 -3.265700116753578186e-02 1.133870035409927368e-01 0.000000000000000000e+00
-1.136009991168975830e-01 -2.209389954805374146e-01 5.335799977183341980e-02 1.000000000000000000e+00
1.700669974088668823e-01 -4.664000123739242554e-02 -1.371040046215057373e-01 0.000000000000000000e+00
1.169679984450340271e-01 -2.411410063505172729e-01 -2.257989943027496338e-01 1.000000000000000000e+00
-1.375350058078765869e-01 -2.749539911746978760e-01 1.133870035409927368e-01 1.000000000000000000e+00
1.700669974088668823e-01 -1.725129932165145874e-01 -1.112850010395050049e-01 0.000000000000000000e+00
1.177000030875205994e-01 -1.392699964344501495e-02 -2.087559998035430908e-01 0.000000000000000000e+00
1.700669974088668823e-01 -1.049590036273002625e-01 -5.148699879646301270e-02 0.000000000000000000e+00
1.002859994769096375e-01 -1.790490001440048218e-01 -1.899099946022033691e-01 0.000000000000000000e+00
6.334099918603897095e-02 -1.790490001440048218e-01 -7.071000058203935623e-03 0.000000000000000000e+00
1.539230048656463623e-01 -4.801349937915802002e-01 -1.809390038251876831e-01 1.000000000000000000e+00
-1.136009991168975830e-01 -4.570780098438262939e-01 -1.700779944658279419e-01 1.000000000000000000e+00
1.127820014953613281e-01 -2.921540141105651855e-01 -2.257989943027496338e-01 1.000000000000000000e+00
8.929300308227539062e-02 1.194680035114288330e-01 4.507900029420852661e-02 0.000000000000000000e+00
7.443100214004516602e-02 3.758490085601806641e-01 1.133870035409927368e-01 0.000000000000000000e+00
1.700669974088668823e-01 -2.225659936666488647e-01 1.089280024170875549e-01 1.000000000000000000e+00
-8.008000254631042480e-02 -1.392699964344501495e-02 -1.549240052700042725e-01 0.000000000000000000e+00
1.700669974088668823e-01 -7.920099794864654541e-02 8.896899968385696411e-02 0.000000000000000000e+00
1.700669974088668823e-01 -1.422960013151168823e-01 -5.446999799460172653e-03 0.000000000000000000e+00
1.346000004559755325e-02 -1.370670050382614136e-01 1.133870035409927368e-01 0.000000000000000000e+00
1.024959981441497803e-01 -1.392699964344501495e-02 -1.027290001511573792e-01 0.000000000000000000e+00
1.411139965057373047e-01 -6.937099993228912354e-02 1.133870035409927368e-01 0.000000000000000000e+00
8.269199728965759277e-02 -1.392699964344501495e-02 -9.543900191783905029e-02 0.000000000000000000e+00
-1.571889966726303101e-01 -3.955169916152954102e-01 -2.257989943027496338e-01 1.000000000000000000e+00
4.930299893021583557e-02 1.250499933958053589e-01 1.133870035409927368e-01 0.000000000000000000e+00
1.700669974088668823e-01 -5.069699883460998535e-02 -2.043800055980682373e-01 0.000000000000000000e+00
1.111150011420249939e-01 -3.486700057983398438e-01 -2.009260058403015137e-01 1.000000000000000000e+00
1.111150011420249939e-01 -2.528629899024963379e-01 2.920000068843364716e-02 1.000000000000000000e+00
-1.136009991168975830e-01 -4.749369919300079346e-01 -2.050070017576217651e-01 1.000000000000000000e+00
2.440099976956844330e-02 3.470509946346282959e-01 4.507900029420852661e-02 0.000000000000000000e+00
-1.156700029969215393e-02 -1.790490001440048218e-01 -1.734820008277893066e-01 0.000000000000000000e+00
-8.605100214481353760e-02 -1.392699964344501495e-02 -3.440999891608953476e-03 0.000000000000000000e+00
-1.691199988126754761e-01 2.277800068259239197e-02 1.103160008788108826e-01 0.000000000000000000e+00
-1.264140009880065918e-01 -3.371970057487487793e-01 1.133870035409927368e-01 1.000000000000000000e+00
1.506489962339401245e-01 -3.443660140037536621e-01 -1.570499986410140991e-01 1.000000000000000000e+00
1.213179975748062134e-01 -2.834460139274597168e-01 1.133870035409927368e-01 1.000000000000000000e+00
-1.691199988126754761e-01 8.502700179815292358e-02 8.178699761629104614e-02 0.000000000000000000e+00
-1.136009991168975830e-01 -4.494490027427673340e-01 4.222200065851211548e-02 1.000000000000000000e+00
-1.399990022182464600e-01 -3.696359992027282715e-01 1.133870035409927368e-01 1.000000000000000000e+00
-1.896799914538860321e-02 2.994860112667083740e-01 4.507900029420852661e-02 0.000000000000000000e+00
1.418099999427795410e-01 -1.790490001440048218e-01 -1.317239999771118164e-01 0.000000000000000000e+00
4.021399840712547302e-02 -1.790490001440048218e-01 -1.975270062685012817e-01 0.000000000000000000e+00
1.054119989275932312e-01 -1.147750020027160645e-01 -2.257989943027496338e-01 0.000000000000000000e+00
-1.555559933185577393e-01 1.119619980454444885e-01 1.133870035409927368e-01 0.000000000000000000e+00
1.700669974088668823e-01 -3.691120147705078125e-01 -2.020390033721923828e-01 1.000000000000000000e+00
-1.691199988126754761e-01 -6.187599897384643555e-02 -4.847000166773796082e-02 0.000000000000000000e+00
1.530620008707046509e-01 9.556999802589416504e-02 4.507900029420852661e-02 0.000000000000000000e+00
1.482769995927810669e-01 1.299950033426284790e-01 4.507900029420852661e-02 0.000000000000000000e+00
-1.203709989786148071e-01 -1.392699964344501495e-02 -7.684099674224853516e-02 0.000000000000000000e+00
-1.274459958076477051e-01 -4.801349937915802002e-01 3.257799893617630005e-02 1.000000000000000000e+00
-8.399300277233123779e-02 -1.311790049076080322e-01 -2.257989943027496338e-01 0.000000000000000000e+00
1.186389997601509094e-01 8.514399826526641846e-02 1.133870035409927368e-01 0.000000000000000000e+00
1.700669974088668823e-01 -2.018200047314167023e-02 -5.182500183582305908e-02 0.000000000000000000e+00
-1.629509925842285156e-01 3.004460036754608154e-01 1.133870035409927368e-01 0.000000000000000000e+00
-7.189799845218658447e-02 -1.790490001440048218e-01 4.246899858117103577e-02 0.000000000000000000e+00
1.700669974088668823e-01 -1.711500063538551331e-02 -1.510179936885833740e-01 0.000000000000000000e+00
4.804199934005737305e-02 1.757169961929321289e-01 1.133870035409927368e-01 0.000000000000000000e+00
-3.572899848222732544e-02 -1.392699964344501495e-02 -9.435100108385086060e-02 0.000000000000000000e+00
-1.254789978265762329e-01 -4.801349937915802002e-01 -2.123100012540817261e-01 1.000000000000000000e+00
-1.073909997940063477e-01 -1.392699964344501495e-02 -2.909299917519092560e-02 0.000000000000000000e+00
1.700669974088668823e-01 -2.219959944486618042e-01 1.097339987754821777e-01 1.000000000000000000e+00
1.700669974088668823e-01 1.357990056276321411e-01 8.943600207567214966e-02 0.000000000000000000e+00
5.649499967694282532e-02 3.927130103111267090e-01 1.096889972686767578e-01 0.000000000000000000e+00
-3.997199982404708862e-02 -1.790490001440048218e-01 1.089000031352043152e-01 0.000000000000000000e+00
1.495960056781768799e-01 -4.801349937915802002e-01 8.032699674367904663e-02 1.000000000000000000e+00
6.879299879074096680e-02 5.204299837350845337e-02 4.507900029420852661e-02 0.000000000000000000e+00
1.366900000721216202e-02 3.378559947013854980e-01 1.133870035409927368e-01 0.000000000000000000e+00
-1.314529925584793091e-01 -3.769609928131103516e-01 1.133870035409927368e-01 1.000000000000000000e+00
-8.730199933052062988e-02 -4.485400021076202393e-02 1.133870035409927368e-01 0.000000000000000000e+00
1.700669974088668823e-01 -2.995229959487915039e-01 -2.005169987678527832e-01 1.000000000000000000e+00
-1.454319953918457031e-01 -3.254469931125640869e-01 1.133870035409927368e-01 1.000000000000000000e+00
1.700669974088668823e-01 -1.706510037183761597e-01 -1.306450068950653076e-01 0.000000000000000000e+00
1.202950030565261841e-01 1.759780049324035645e-01 4.507900029420852661e-02 0.000000000000000000e+00
1.028700023889541626e-01 3.402800112962722778e-02 1.133870035409927368e-01 0.000000000000000000e+00
-5.254499986767768860e-02 4.045300185680389404e-02 1.133870035409927368e-01 0.000000000000000000e+00
1.149720028042793274e-01 -4.801349937915802002e-01 6.393799930810928345e-02 1.000000000000000000e+00
1.132640019059181213e-01 -2.476850003004074097e-01 -2.257989943027496338e-01 1.000000000000000000e+00
1.700669974088668823e-01 3.264339864253997803e-01 7.983399927616119385e-02 0.000000000000000000e+00
-1.534630060195922852e-01 -3.077220022678375244e-01 2.903099916875362396e-02 1.000000000000000000e+00
-1.538269966840744019e-01 -3.388440012931823730e-01 -1.570499986410140991e-01 1.000000000000000000e+00
1.808100007474422455e-02 -1.392699964344501495e-02 -1.026009991765022278e-01 0.000000000000000000e+00
-1.155989989638328552e-01 2.303300052881240845e-01 1.133870035409927368e-01 0.000000000000000000e+00
1.700669974088668823e-01 1.757420003414154053e-01 5.273399874567985535e-02 0.000000000000000000e+00
1.700669974088668823e-01 -3.014610111713409424e-01 1.081499978899955750e-01 1.000000000000000000e+00
1.417230069637298584e-01 3.373169898986816406e-01 4.507900029420852661e-02 0.000000000000000000e+00
-8.575300127267837524e-02 -1.790490001440048218e-01 9.438399970531463623e-02 0.000000000000000000e+00
1.486500054597854614e-01 -4.801349937915802002e-01 -1.836729943752288818e-01 1.000000000000000000e+00
8.011800050735473633e-02 -9.930200129747390747e-02 1.133870035409927368e-01 0.000000000000000000e+00
1.446229964494705200e-01 3.922999836504459381e-03 1.133870035409927368e-01 0.000000000000000000e+00
9.038499742746353149e-02 -1.790490001440048218e-01 1.687699928879737854e-02 0.000000000000000000e+00
1.093539968132972717e-01 1.015020012855529785e-01 4.507900029420852661e-02 0.000000000000000000e+00
-1.637639999389648438e-01 -3.028649985790252686e-01 1.133870035409927368e-01 1.000000000000000000e+00
-1.150400005280971527e-02 3.529039919376373291e-01 1.133870035409927368e-01 0.000000000000000000e+00
-6.985399872064590454e-02 1.802649945020675659e-01 4.507900029420852661e-02 0.000000000000000000e+00
4.903699830174446106e-02 -1.865600049495697021e-02 -2.257989943027496338e-01 0.000000000000000000e+00
1.657879948616027832e-01 -4.539949893951416016e-01 -1.570499986410140991e-01 1.000000000000000000e+00
-1.136009991168975830e-01 -2.895500063896179199e-01 9.209100157022476196e-02 1.000000000000000000e+00
5.940100178122520447e-02 -1.392699964344501495e-02 -3.494900092482566833e-02 0.000000000000000000e+00
1.700669974088668823e-01 -2.866559922695159912e-01 -2.158679962158203125e-01 1.000000000000000000e+00
-1.360639929771423340e-01 -2.388119995594024658e-01 2.903099916875362396e-02 1.000000000000000000e+00
7.152999937534332275e-02 3.897469937801361084e-01 8.730100095272064209e-02 0.000000000000000000e+00
-1.301569938659667969e-01 3.464199975132942200e-02 4.507900029420852661e-02 0.000000000000000000e+00
9.840000420808792114e-04 1.690340042114257812e-01 1.133870035409927368e-01 0.000000000000000000e+00
1.111150011420249939e-01 -3.800790011882781982e-01 5.817300081253051758e-02 1.000000000000000000e+00
8.663800358772277832e-02 -1.392699964344501495e-02 -2.053350061178207397e-01 0.000000000000000000e+00
1.296630054712295532e-01 -1.775880008935928345e-01 -2.257989943027496338e-01 1.000000000000000000e+00
1.467909961938858032e-01 1.037119999527931213e-01 1.133870035409927368e-01 0.000000000000000000e+00
-1.027949973940849304e-01 -8.958099782466888428e-02 -2.257989943027496338e-01 0.000000000000000000e+00
1.459150016307830811e-01 -3.282090127468109131e-01 1.133870035409927368e-01 1.000000000000000000e+00
-1.394630074501037598e-01 -1.491969972848892212e-01 1.133870035409927368e-01 0.000000000000000000e+00
-1.572900079190731049e-02 3.966259956359863281e-01 8.303800225257873535e-02 0.000000000000000000e+00
1.124660000205039978e-01 -4.801349937915802002e-01 1.022220030426979065e-01 1.000000000000000000e+00
1.700669974088668823e-01 -7.160499691963195801e-02 5.141999945044517517e-02 0.000000000000000000e+00
8.420400321483612061e-02 -1.392699964344501495e-02 -4.712799936532974243e-02 0.000000000000000000e+00
1.359229981899261475e-01 -1.139779984951019287e-01 1.133870035409927368e-01 0.000000000000000000e+00
-1.691199988126754761e-01 -4.568029940128326416e-01 6.199400126934051514e-02 1.000000000000000000e+00
-1.136009991168975830e-01 -2.508029937744140625e-01 -1.803919970989227295e-01 1.000000000000000000e+00
-1.160119995474815369e-01 1.944629997014999390e-01 1.133870035409927368e-01 0.000000000000000000e+00
1.700669974088668823e-01 -1.875859946012496948e-01 -2.248159945011138916e-01 1.000000000000000000e+00
-1.691199988126754761e-01 -1.038739979267120361e-01 -2.055850028991699219e-01 0.000000000000000000e+00
-1.508270055055618286e-01 -4.801349937915802002e-01 -2.109210044145584106e-01 1.000000000000000000e+00
5.522000044584274292e-02 -1.583960056304931641e-01 1.133870035409927368e-01 0.000000000000000000e+00
1.683450043201446533e-01 1.033260002732276917e-01 4.507900029420852661e-02 0.000000000000000000e+00
-1.136009991168975830e-01 -3.435940146446228027e-01 -1.636189967393875122e-01 1.000000000000000000e+00
-1.136009991168975830e-01 -4.033159911632537842e-01 7.248199731111526489e-02 1.000000000000000000e+00
9.414000064134597778e-02 3.267860114574432373e-01 1.133870035409927368e-01 0.000000000000000000e+00
-1.342960000038146973e-01 9.394999593496322632e-03 4.507900029420852661e-02 0.000000000000000000e+00
1.700669974088668823e-01 -1.698699966073036194e-02 -4.507400095462799072e-02 0.000000000000000000e+00
1.035109981894493103e-01 -4.727200046181678772e-02 -2.257989943027496338e-01 0.000000000000000000e+00
5.575300008058547974e-02 7.147599756717681885e-02 4.507900029420852661e-02 0.000000000000000000e+00
-1.691199988126754761e-01 -7.412999868392944336e-03 1.056189984083175659e-01 0.000000000000000000e+00
-1.256099939346313477e-01 -1.392699964344501495e-02 -7.603400200605392456e-02 0.000000000000000000e+00
-8.280000090599060059e-02 -1.392699964344501495e-02 -7.780800014734268188e-02 0.000000000000000000e+00
-6.256099790334701538e-02 3.014450073242187500e-01 4.507900029420852661e-02 0.000000000000000000e+00
1.700669974088668823e-01 -1.769890040159225464e-01 -7.804600149393081665e-02 0.000000000000000000e+00
-1.691199988126754761e-01 -4.049240052700042725e-01 -2.063030004501342773e-01 1.000000000000000000e+00
5.590999871492385864e-02 1.832060068845748901e-01 1.133870035409927368e-01 0.000000000000000000e+00
1.563729941844940186e-01 -1.939900070428848267e-01 -2.257989943027496338e-01 1.000000000000000000e+00
-1.558319926261901855e-01 -1.790490001440048218e-01 -1.242569983005523682e-01 0.000000000000000000e+00
1.483429968357086182e-01 -1.392699964344501495e-02 -7.099000364542007446e-02 0.000000000000000000e+00
-1.136009991168975830e-01 -4.499480128288269043e-01 -2.146490067243576050e-01 1.000000000000000000e+00
1.556960046291351318e-01 -2.051440030336380005e-01 -1.570499986410140991e-01 1.000000000000000000e+00
1.290300041437149048e-01 2.152640074491500854e-01 4.507900029420852661e-02 0.000000000000000000e+00
1.700669974088668823e-01 -3.113009929656982422e-01 1.012789979577064514e-01 1.000000000000000000e+00
2.749999985098838806e-03 3.972109854221343994e-01 9.373199939727783203e-02 0.000000000000000000e+00
-1.657759994268417358e-01 -2.798970043659210205e-01 -2.257989943027496338e-01 1.000000000000000000e+00
-1.691199988126754761e-01 -3.819800168275833130e-02 -1.734980046749114990e-01 0.000000000000000000e+00
7.586400210857391357e-02 -1.790490001440048218e-01 -9.025199711322784424e-02 0.000000000000000000e+00
1.111150011420249939e-01 -3.498390018939971924e-01 -2.187290042638778687e-01 1.000000000000000000e+00
6.323599815368652344e-02 -1.392699964344501495e-02 -1.529670059680938721e-01 0.000000000000000000e+00
-1.920700073242187500e-02 6.975899636745452881e-02 4.507900029420852661e-02 0.000000000000000000e+00
1.111150011420249939e-01 -4.714559912681579590e-01 2.974300086498260498e-02 1.000000000000000000e+00
4.775900021195411682e-02 -3.778999904170632362e-03 1.133870035409927368e-01 0.000000000000000000e+00
-1.691199988126754761e-01 7.031999994069337845e-03 9.703800082206726074e-02 0.000000000000000000e+00
-2.177800051867961884e-02 1.575600057840347290e-01 1.133870035409927368e-01 0.000000000000000000e+00
4.664500057697296143e-02 3.815880119800567627e-01 1.133870035409927368e-01 0.000000000000000000e+00
-1.606860011816024780e-01 -1.790490001440048218e-01 -1.325519979000091553e-01 0.000000000000000000e+00
9.647999703884124756e-02 1.891130059957504272e-01 4.507900029420852661e-02 0.000000000000000000e+00
1.444229930639266968e-01 1.331429928541183472e-01 4.507900029420852661e-02 0.000000000000000000e+00
1.700669974088668823e-01 -3.692299872636795044e-02 -2.793000079691410065e-02 0.000000000000000000e+00
-1.691199988126754761e-01 -3.470070064067840576e-01 -1.938879936933517456e-01 1.000000000000000000e+00
1.330509930849075317e-01 -1.392699964344501495e-02 -7.229299843311309814e-02 0.000000000000000000e+00
-7.681000232696533203e-02 -1.790490001440048218e-01 -1.323429942131042480e-01 0.000000000000000000e+00
-1.383119970560073853e-01 3.643260002136230469e-01 1.133870035409927368e-01 0.000000000000000000e+00
8.049400150775909424e-02 -8.714099973440170288e-02 -2.257989943027496338e-01 0.000000000000000000e+00
4.679099842905998230e-02 -1.392699964344501495e-02 2.133700065314769745e-02 0.000000000000000000e+00
-1.640560030937194824e-01 -3.114770054817199707e-01 1.133870035409927368e-01 1.000000000000000000e+00
-1.599700003862380981e-01 2.614409923553466797e-01 1.133870035409927368e-01 0.000000000000000000e+00
-1.691199988126754761e-01 -4.094700142741203308e-02 1.767699979245662689e-02 0.000000000000000000e+00
-2.858700044453144073e-02 -1.071140021085739136e-01 1.133870035409927368e-01 0.000000000000000000e+00
1.700669974088668823e-01 -2.226029932498931885e-01 7.742600142955780029e-02 1.000000000000000000e+00
5.590699985623359680e-02 2.535999985411763191e-03 1.133870035409927368e-01 0.000000000000000000e+00
-1.136009991168975830e-01 -4.239619970321655273e-01 7.632599771022796631e-02 1.000000000000000000e+00
1.587440073490142822e-01 -4.801349937915802002e-01 4.334399849176406860e-02 1.000000000000000000e+00
-1.691199988126754761e-01 -1.045029982924461365e-01 -1.904480010271072388e-01 0.000000000000000000e+00
1.700669974088668823e-01 -1.727849990129470825e-01 -2.073529958724975586e-01 1.000000000000000000e+00
-1.083030030131340027e-01 -1.615999964997172356e-03 4.507900029420852661e-02 0.000000000000000000e+00
-4.616799950599670410e-02 3.442049920558929443e-01 1.133870035409927368e-01 0.000000000000000000e+00
-1.428270041942596436e-01 -2.485399991273880005e-01 -1.570499986410140991e-01 1.000000000000000000e+00
3.697400167584419250e-02 2.829940021038055420e-01 4.507900029420852661e-02 0.000000000000000000e+00
-1.516149938106536865e-01 -4.628370106220245361e-01 -1.570499986410140991e-01 1.000000000000000000e+00
5.527900159358978271e-02 2.550260126590728760e-01 4.507900029420852661e-02 0.000000000000000000e+00
1.454139947891235352e-01 -2.684479951858520508e-01 1.133870035409927368e-01 1.000000000000000000e+00
7.118500024080276489e-02 -1.790490001440048218e-01 -6.252899765968322754e-02 0.000000000000000000e+00
7.734300196170806885e-02 3.718990087509155273e-01 4.507900029420852661e-02 0.000000000000000000e+00
1.700669974088668823e-01 3.080230057239532471e-01 6.909000128507614136e-02 0.000000000000000000e+00
1.700669974088668823e-01 -3.039590120315551758e-01 -1.758520007133483887e-01 1.000000000000000000e+00
-9.029400348663330078e-02 1.817039996385574341e-01 4.507900029420852661e-02 0.000000000000000000e+00
-6.856999825686216354e-03 6.194999907165765762e-03 4.507900029420852661e-02 0.000000000000000000e+00
1.700669974088668823e-01 -2.174199968576431274e-01 6.543599814176559448e-02 1.000000000000000000e+00
-8.062300086021423340e-02 -1.790490001440048218e-01 -1.066410019993782043e-01 0.000000000000000000e+00
-1.691199988126754761e-01 -3.024519979953765869e-01 8.265499770641326904e-02 1.000000000000000000e+00
-1.379770040512084961e-01 -2.300499938428401947e-02 1.133870035409927368e-01 0.000000000000000000e+00
1.700669974088668823e-01 -1.933560073375701904e-01 -2.176949977874755859e-01 1.000000000000000000e+00
9.587500244379043579e-02 -1.392699964344501495e-02 -2.862999960780143738e-02 0.000000000000000000e+00
1.552159935235977173e-01 -4.161489903926849365e-01 -2.257989943027496338e-01 1.000000000000000000e+00
1.111150011420249939e-01 -3.028190135955810547e-01 7.976300269365310669e-02 1.000000000000000000e+00
1.700669974088668823e-01 1.619209945201873779e-01 1.036349982023239136e-01 0.000000000000000000e+00
1.698729991912841797e-01 3.057760000228881836e-01 4.507900029420852661e-02 0.000000000000000000e+00
7.254099845886230469e-02 -1.392699964344501495e-02 -1.957550048828125000e-01 0.000000000000000000e+00
-5.321900174021720886e-02 1.047340035438537598e-01 4.507900029420852661e-02 0.000000000000000000e+00
-5.859100073575973511e-02 9.241999685764312744e-02 1.133870035409927368e-01 0.000000000000000000e+00
-1.649750024080276489e-01 -1.904080063104629517e-01 -1.570499986410140991e-01 1.000000000000000000e+00
-1.136009991168975830e-01 -3.893850147724151611e-01 -1.711750030517578125e-01 1.000000000000000000e+00
1.700669974088668823e-01 -7.934399694204330444e-02 -1.397379934787750244e-01 0.000000000000000000e+00
-1.143500022590160370e-02 2.088800072669982910e-01 1.133870035409927368e-01 0.000000000000000000e+00
-1.312000006437301636e-01 -3.839719891548156738e-01 -1.570499986410140991e-01 1.000000000000000000e+00
1.111150011420249939e-01 -3.129779994487762451e-01 -2.172899991273880005e-01 1.000000000000000000e+00
-1.136009991168975830e-01 -2.203850001096725464e-01 -1.616760045289993286e-01 1.000000000000000000e+00
1.658219993114471436e-01 -1.392699964344501495e-02 -1.941549926996231079e-01 0.000000000000000000e+00
1.700669974088668823e-01 2.698839902877807617e-01 1.025620028376579285e-01 0.000000000000000000e+00
1.700669974088668823e-01 -1.448220014572143555e-01 -1.060039997100830078e-01 0.000000000000000000e+00
1.358530074357986450e-01 2.543990015983581543e-01 4.507900029420852661e-02 0.000000000000000000e+00
-1.605540066957473755e-01 -2.672499977052211761e-02 1.133870035409927368e-01 0.000000000000000000e+00
-9.480199962854385376e-02 2.644540071487426758e-01 4.507900029420852661e-02 0.000000000000000000e+00
-5.822199955582618713e-02 -2.175400033593177795e-02 -2.257989943027496338e-01 0.000000000000000000e+00
-1.458030045032501221e-01 -1.392699964344501495e-02 3.299999982118606567e-02 0.000000000000000000e+00
5.135999992489814758e-03 -6.576400250196456909e-02 1.133870035409927368e-01 0.000000000000000000e+00
1.700669974088668823e-01 -4.131189882755279541e-01 5.634099990129470825e-02 1.000000000000000000e+00
6.766600161790847778e-02 -1.392699964344501495e-02 -1.762550026178359985e-01 0.000000000000000000e+00
-1.607999950647354126e-01 -2.796030044555664062e-01 -2.257989943027496338e-01 1.000000000000000000e+00
1.700669974088668823e-01 3.305949866771697998e-01 7.695499807596206665e-02 0.000000000000000000e+00
1.700669974088668823e-01 -2.241400070488452911e-02 -5.285700038075447083e-02 0.000000000000000000e+00
-5.266899988055229187e-02 3.628590106964111328e-01 1.133870035409927368e-01 0.000000000000000000e+00
-1.136009991168975830e-01 -3.085530102252960205e-01 4.216700047254562378e-02 1.000000000000000000e+00
-1.002240031957626343e-01 2.036270052194595337e-01 1.133870035409927368e-01 0.000000000000000000e+00
-1.644690036773681641e-01 -3.018389940261840820e-01 2.903099916875362396e-02 1.000000000000000000e+00
-1.691199988126754761e-01 2.964720129966735840e-01 7.549899816513061523e-02 0.000000000000000000e+00
-1.146050021052360535e-01 -3.964369893074035645e-01 1.133870035409927368e-01 1.000000000000000000e+00
-1.691199988126754761e-01 -3.885399922728538513e-02 -5.566700175404548645e-02 0.000000000000000000e+00
2.158799953758716583e-02 2.583430111408233643e-01 1.133870035409927368e-01 0.000000000000000000e+00
-5.240799859166145325e-02 -8.922299742698669434e-02 -2.257989943027496338e-01 0.000000000000000000e+00
-1.136009991168975830e-01 -3.564330041408538818e-01 8.260499686002731323e-02 1.000000000000000000e+00
-1.691199988126754761e-01 2.248259931802749634e-01 4.894300177693367004e-02 0.000000000000000000e+00
-5.086600035429000854e-02 3.251279890537261963e-01 1.133870035409927368e-01 0.000000000000000000e+00
-1.691199988126754761e-01 -1.219170019030570984e-01 4.177999868988990784e-02 0.000000000000000000e+00
1.700669974088668823e-01 -3.314230144023895264e-01 7.807800173759460449e-02 1.000000000000000000e+00
-1.329299956560134888e-01 -2.358199954032897949e-01 -2.257989943027496338e-01 1.000000000000000000e+00
1.364890038967132568e-01 3.696869909763336182e-01 1.068660020828247070e-01 0.000000000000000000e+00
-1.317410022020339966e-01 1.854500025510787964e-01 4.507900029420852661e-02 0.000000000000000000e+00
5.184499919414520264e-02 4.084900021553039551e-02 1.133870035409927368e-01 0.000000000000000000e+00
1.700669974088668823e-01 -5.171899870038032532e-02 -5.781500041484832764e-02 0.000000000000000000e+00
1.676899939775466919e-02 -8.608999848365783691e-02 1.133870035409927368e-01 0.000000000000000000e+00
1.700669974088668823e-01 -2.895039916038513184e-01 4.113499820232391357e-02 1.000000000000000000e+00
-1.587429940700531006e-01 -4.974099993705749512e-02 -2.257989943027496338e-01 0.000000000000000000e+00
1.700669974088668823e-01 -1.886899955570697784e-02 -1.591559946537017822e-01 0.000000000000000000e+00
-1.658270061016082764e-01 -4.782539904117584229e-01 1.133870035409927368e-01 1.000000000000000000e+00
-1.691199988126754761e-01 3.635999932885169983e-02 1.081859990954399109e-01 0.000000000000000000e+00
-3.021200001239776611e-02 -1.790490001440048218e-01 -3.277700021862983704e-02 0.000000000000000000e+00
1.612470000982284546e-01 -2.715710103511810303e-01 2.903099916875362396e-02 1.000000000000000000e+00
5.853199958801269531e-02 3.924550116062164307e-01 6.219799816608428955e-02 0.000000000000000000e+00
-1.691199988126754761e-01 -2.369900047779083252e-01 4.777599871158599854e-02 1.000000000000000000e+00
2.514100074768066406e-02 -2.912699989974498749e-02 1.133870035409927368e-01 0.000000000000000000e+00
-1.691199988126754761e-01 1.049090027809143066e-01 5.254400148987770081e-02 0.000000000000000000e+00
1.285630017518997192e-01 -1.897670030593872070e-01 -2.257989943027496338e-01 1.000000000000000000e+00
1.111150011420249939e-01 -4.759930074214935303e-01 6.942900270223617554e-02 1.000000000000000000e+00
1.497740000486373901e-01 -1.720329970121383667e-01 1.133870035409927368e-01 1.000000000000000000e+00
-7.191000133752822876e-02 -2.838500030338764191e-02 -2.257989943027496338e-01 0.000000000000000000e+00
1.700669974088668823e-01 -1.457030028104782104e-01 1.940999994985759258e-03 0.000000000000000000e+00
-1.543069928884506226e-01 3.610869944095611572e-01 7.186900079250335693e-02 0.000000000000000000e+00
-1.691199988126754761e-01 -2.232650071382522583e-01 3.885599970817565918e-02 1.000000000000000000e+00
4.903800040483474731e-02 3.936550021171569824e-01 7.821000367403030396e-02 0.000000000000000000e+00
-1.691199988126754761e-01 -3.876899927854537964e-02 2.668499946594238281e-02 0.000000000000000000e+00
1.700669974088668823e-01 -1.264960020780563354e-01 -1.754360049962997437e-01 0.000000000000000000e+00
-9.076099842786788940e-02 1.745419949293136597e-01 1.133870035409927368e-01 0.000000000000000000e+00
-1.430770009756088257e-01 -4.753789901733398438e-01 2.903099916875362396e-02 1.000000000000000000e+00
1.281940042972564697e-01 2.856099903583526611e-01 1.133870035409927368e-01 0.000000000000000000e+00
-9.333200007677078247e-02 2.345460057258605957e-01 1.133870035409927368e-01 0.000000000000000000e+00
1.239869967103004456e-01 -1.874780058860778809e-01 -1.570499986410140991e-01 0.000000000000000000e+00
1.003959998488426208e-01 -1.392699964344501495e-02 1.371600013226270676e-02 0.000000000000000000e+00
1.583399996161460876e-02 -1.505649983882904053e-01 1.133870035409927368e-01 0.000000000000000000e+00
5.165300145745277405e-02 3.933239877223968506e-01 1.003869995474815369e-01 0.000000000000000000e+00
9.595300257205963135e-02 -1.790490001440048218e-01 -3.650600090622901917e-02 0.000000000000000000e+00
4.870900139212608337e-02 -1.790490001440048218e-01 -1.208650022745132446e-01 0.000000000000000000e+00
-6.241599842905998230e-02 -1.790490001440048218e-01 3.842300176620483398e-02 0.000000000000000000e+00
3.989699855446815491e-02 -1.790490001440048218e-01 -8.150000125169754028e-03 0.000000000000000000e+00
1.700669974088668823e-01 -9.797500073909759521e-02 -1.337999999523162842e-01 0.000000000000000000e+00
-1.593919992446899414e-01 -3.207089900970458984e-01 2.903099916875362396e-02 1.000000000000000000e+00
-1.691199988126754761e-01 -1.869409978389739990e-01 5.687199905514717102e-02 0.000000000000000000e+00
1.111150011420249939e-01 -3.539550006389617920e-01 6.528499722480773926e-02 1.000000000000000000e+00
-5.929499864578247070e-02 -7.556299865245819092e-02 -2.257989943027496338e-01 0.000000000000000000e+00
1.603489965200424194e-01 -3.314329981803894043e-01 -1.570499986410140991e-01 1.000000000000000000e+00
1.045269966125488281e-01 -3.307000175118446350e-02 1.133870035409927368e-01 0.000000000000000000e+00
-1.691199988126754761e-01 -2.220100015401840210e-01 7.262799888849258423e-02 1.000000000000000000e+00
1.700669974088668823e-01 -2.144040018320083618e-01 -1.743469983339309692e-01 1.000000000000000000e+00
1.700669974088668823e-01 -2.260169982910156250e-01 -1.944079995155334473e-01 1.000000000000000000e+00
-1.580570042133331299e-01 -3.786399960517883301e-02 1.133870035409927368e-01 0.000000000000000000e+00
-5.738500133156776428e-02 -1.229050010442733765e-01 -2.257989943027496338e-01 0.000000000000000000e+00
2.787699922919273376e-02 -1.392699964344501495e-02 1.543099991977214813e-02 0.000000000000000000e+00
1.111150011420249939e-01 -4.092099964618682861e-01 3.243299946188926697e-02 1.000000000000000000e+00
-6.292600184679031372e-02 -1.790490001440048218e-01 -1.182890012860298157e-01 0.000000000000000000e+00
1.577209979295730591e-01 -3.097319900989532471e-01 -2.257989943027496338e-01 1.000000000000000000e+00
2.913399972021579742e-02 3.733069896697998047e-01 1.133870035409927368e-01 0.000000000000000000e+00
1.205800026655197144e-01 3.668900132179260254e-01 4.507900029420852661e-02 0.000000000000000000e+00
1.111150011420249939e-01 -3.861820101737976074e-01 -1.751050055027008057e-01 1.000000000000000000e+00
1.047340035438537598e-01 -1.790490001440048218e-01 -1.123600006103515625e-01 0.000000000000000000e+00
-5.226299911737442017e-02 -1.392699964344501495e-02 -1.500799953937530518e-01 0.000000000000000000e+00
-1.691199988126754761e-01 -3.915179967880249023e-01 9.017100185155868530e-02 1.000000000000000000e+00
1.700669974088668823e-01 -8.649499714374542236e-02 -2.087900042533874512e-01 0.000000000000000000e+00
-1.691199988126754761e-01 -2.403820008039474487e-01 -1.804080009460449219e-01 1.000000000000000000e+00
1.700669974088668823e-01 -4.073689877986907959e-01 -1.983139961957931519e-01 1.000000000000000000e+00
-1.308099925518035889e-01 -4.763239920139312744e-01 -1.570499986410140991e-01 1.000000000000000000e+00
-9.049000218510627747e-03 1.128420010209083557e-01 4.507900029420852661e-02 0.000000000000000000e+00
-9.456799924373626709e-02 6.808000057935714722e-02 4.507900029420852661e-02 0.000000000000000000e+00
-1.691199988126754761e-01 -4.239920079708099365e-01 8.584599941968917847e-02 1.000000000000000000e+00
-1.275070011615753174e-01 1.149590015411376953e-01 1.133870035409927368e-01 0.000000000000000000e+00
-1.585880070924758911e-01 -4.065589904785156250e-01 1.133870035409927368e-01 1.000000000000000000e+00
1.700669974088668823e-01 -3.581750094890594482e-01 4.789400100708007812e-02 1.000000000000000000e+00
5.892100185155868530e-02 -1.392699964344501495e-02 1.535999961197376251e-02 0.000000000000000000e+00
-1.293199975043535233e-02 9.476599842309951782e-02 4.507900029420852661e-02 0.000000000000000000e+00
-1.322200000286102295e-01 -4.729160070419311523e-01 -1.570499986410140991e-01 1.000000000000000000e+00
5.125800147652626038e-02 -9.681000374257564545e-03 1.133870035409927368e-01 0.000000000000000000e+00
1.700669974088668823e-01 -8.476699888706207275e-02 9.227199852466583252e-02 0.000000000000000000e+00
1.687899976968765259e-02 -1.790490001440048218e-01 -1.689859926700592041e-01 0.000000000000000000e+00
1.354559957981109619e-01 2.551060020923614502e-01 4.507900029420852661e-02 0.000000000000000000e+00
-1.691199988126754761e-01 -7.781399786472320557e-02 6.417100131511688232e-02 0.000000000000000000e+00
-8.818800002336502075e-02 -1.790490001440048218e-01 -3.415000066161155701e-02 0.000000000000000000e+00
1.461240053176879883e-01 2.856450080871582031e-01 4.507900029420852661e-02 0.000000000000000000e+00
1.612969934940338135e-01 -1.984629929065704346e-01 -2.257989943027496338e-01 1.000000000000000000e+00
-1.691199988126754761e-01 3.138479888439178467e-01 8.403199911117553711e-02 0.000000000000000000e+00
1.700669974088668823e-01 -3.505870103836059570e-01 -1.659190058708190918e-01 1.000000000000000000e+00
1.700669974088668823e-01 -3.199580013751983643e-01 1.080520004034042358e-01 1.000000000000000000e+00
-1.145600005984306335e-01 -1.125029996037483215e-01 -2.257989943027496338e-01 0.000000000000000000e+00
1.700669974088668823e-01 -4.699720144271850586e-01 -2.042829990386962891e-01 1.000000000000000000e+00
1.384400017559528351e-02 -1.790490001440048218e-01 -1.458979994058609009e-01 0.000000000000000000e+00
1.688269972801208496e-01 -1.392699964344501495e-02 -1.968359947204589844e-01 0.000000000000000000e+00
2.591899968683719635e-02 -1.790490001440048218e-01 -1.510770022869110107e-01 0.000000000000000000e+00
1.700669974088668823e-01 1.969320029020309448e-01 4.969700053334236145e-02 0.000000000000000000e+00
-1.372179985046386719e-01 -4.033989906311035156e-01 -2.257989943027496338e-01 1.000000000000000000e+00
1.603319942951202393e-01 -2.369800060987472534e-01 -2.257989943027496338e-01 1.000000000000000000e+00
1.700669974088668823e-01 -2.366899996995925903e-01 3.342900052666664124e-02 1.000000000000000000e+00
-1.477120071649551392e-01 -2.495799958705902100e-02 1.133870035409927368e-01 0.000000000000000000e+00
4.107800126075744629e-02 1.994030028581619263e-01 1.133870035409927368e-01 0.000000000000000000e+00
1.700669974088668823e-01 -1.167370006442070007e-01 -2.119189947843551636e-01 0.000000000000000000e+00
1.139969974756240845e-01 -8.576899766921997070e-02 1.133870035409927368e-01 0.000000000000000000e+00
4.927700012922286987e-02 -1.790490001440048218e-01 -1.893649995326995850e-01 0.000000000000000000e+00
1.111150011420249939e-01 -3.477930128574371338e-01 -2.088180035352706909e-01 1.000000000000000000e+00
-9.943799674510955811e-02 3.262209892272949219e-01 4.507900029420852661e-02 0.000000000000000000e+00
-1.691199988126754761e-01 -1.345899999141693115e-01 -8.522000163793563843e-02 0.000000000000000000e+00
-1.658200025558471680e-01 -1.987999975681304932e-01 -2.257989943027496338e-01 1.000000000000000000e+00
-1.691199988126754761e-01 1.862470060586929321e-01 5.343300104141235352e-02 0.000000000000000000e+00
1.111150011420249939e-01 -2.733899950981140137e-01 3.373000025749206543e-02 1.000000000000000000e+00
1.111150011420249939e-01 -4.476760029792785645e-01 -2.250770032405853271e-01 1.000000000000000000e+00
-8.918700367212295532e-02 -1.392699964344501495e-02 -1.800950020551681519e-01 0.000000000000000000e+00
-1.136009991168975830e-01 -2.633880078792572021e-01 9.451399743556976318e-02 1.000000000000000000e+00
-1.691199988126754761e-01 -7.544999942183494568e-03 4.758499935269355774e-02 0.000000000000000000e+00
5.845399945974349976e-02 -8.409500122070312500e-02 -2.257989943027496338e-01 0.000000000000000000e+00
8.151999861001968384e-02 -1.392699964344501495e-02 -2.143490016460418701e-01 0.000000000000000000e+00
8.637399971485137939e-02 -1.392699964344501495e-02 -1.851600036025047302e-02 0.000000000000000000e+00
1.700669974088668823e-01 -3.719420135021209717e-01 -2.034260034561157227e-01 1.000000000000000000e+00
1.700669974088668823e-01 -1.699700057506561279e-01 5.805400013923645020e-02 0.000000000000000000e+00
1.700669974088668823e-01 1.989299952983856201e-01 4.846400022506713867e-02 0.000000000000000000e+00
-9.057100117206573486e-02 3.834120035171508789e-01 1.133870035409927368e-01 0.000000000000000000e+00
-1.691199988126754761e-01 -2.127699926495552063e-02 5.485999956727027893e-02 0.000000000000000000e+00
-3.532399982213973999e-02 5.262999795377254486e-03 4.507900029420852661e-02 0.000000000000000000e+00
-1.280940026044845581e-01 -2.455829977989196777e-01 2.903099916875362396e-02 1.000000000000000000e+00
-1.691199988126754761e-01 -4.716790020465850830e-01 9.740299731492996216e-02 1.000000000000000000e+00
-2.058999985456466675e-02 2.524659931659698486e-01 1.133870035409927368e-01 0.000000000000000000e+00
1.060580015182495117e-01 1.912219971418380737e-01 4.507900029420852661e-02 0.000000000000000000e+00
-4.232700169086456299e-02 3.653169870376586914e-01 1.133870035409927368e-01 0.000000000000000000e+00
-1.387639939785003662e-01 -4.145349860191345215e-01 1.133870035409927368e-01 1.000000000000000000e+00
1.700669974088668823e-01 2.518819868564605713e-01 8.875200152397155762e-02 0.000000000000000000e+00
3.959900140762329102e-02 3.485009968280792236e-01 4.507900029420852661e-02 0.000000000000000000e+00
1.414320021867752075e-01 -4.096519947052001953e-01 1.133870035409927368e-01 1.000000000000000000e+00
1.221930012106895447e-01 3.417209982872009277e-01 4.507900029420852661e-02 0.000000000000000000e+00
1.700669974088668823e-01 -7.906100153923034668e-02 -1.437519937753677368e-01 0.000000000000000000e+00
1.266539990901947021e-01 -8.052200078964233398e-02 -2.257989943027496338e-01 0.000000000000000000e+00
-1.691199988126754761e-01 -1.568039953708648682e-01 -1.361539959907531738e-01 0.000000000000000000e+00
-3.747999900951981544e-03 -1.790490001440048218e-01 -3.098399937152862549e-02 0.000000000000000000e+00
2.648199908435344696e-02 1.306300014257431030e-01 4.507900029420852661e-02 0.000000000000000000e+00
1.663420051336288452e-01 -1.790490001440048218e-01 -8.425000309944152832e-02 0.000000000000000000e+00
-5.865300074219703674e-02 8.421400189399719238e-02 1.133870035409927368e-01 0.000000000000000000e+00
-1.492010056972503662e-01 -4.158000051975250244e-01 1.133870035409927368e-01 1.000000000000000000e+00
8.014799654483795166e-02 1.063800044357776642e-02 4.507900029420852661e-02 0.000000000000000000e+00
-1.691199988126754761e-01 -1.767019927501678467e-01 -1.636849939823150635e-01 1.000000000000000000e+00
-3.033499978482723236e-02 -1.392699964344501495e-02 -1.301189959049224854e-01 0.000000000000000000e+00
4.861700162291526794e-02 8.755300194025039673e-02 4.507900029420852661e-02 0.000000000000000000e+00
1.595149934291839600e-01 3.589699864387512207e-01 8.032699674367904663e-02 0.000000000000000000e+00
-1.135000027716159821e-03 9.335599839687347412e-02 4.507900029420852661e-02 0.000000000000000000e+00
1.277499943971633911e-01 -1.717409938573837280e-01 1.133870035409927368e-01 1.000000000000000000e+00
5.053199827671051025e-02 3.934659957885742188e-01 7.349299639463424683e-02 0.000000000000000000e+00
1.700669974088668823e-01 -8.193799853324890137e-02 -2.254900038242340088e-01 0.000000000000000000e+00
-1.691199988126754761e-01 2.738099917769432068e-02 4.582700133323669434e-02 0.000000000000000000e+00
1.897200010716915131e-02 -3.045799955725669861e-02 1.133870035409927368e-01 0.000000000000000000e+00
-1.691199988126754761e-01 -2.309480011463165283e-01 3.673399984836578369e-02 1.000000000000000000e+00
-1.167730018496513367e-01 -2.486640065908432007e-01 2.903099916875362396e-02 1.000000000000000000e+00
1.234050020575523376e-01 2.189249992370605469e-01 4.507900029420852661e-02 0.000000000000000000e+00
1.484189927577972412e-01 2.376710027456283569e-01 1.133870035409927368e-01 0.000000000000000000e+00
-1.691199988126754761e-01 -3.022100031375885010e-01 -2.169190049171447754e-01 1.000000000000000000e+00
1.700669974088668823e-01 -4.285219907760620117e-01 -2.200639992952346802e-01 1.000000000000000000e+00
1.554850041866302490e-01 2.596330046653747559e-01 1.133870035409927368e-01 0.000000000000000000e+00
1.574900001287460327e-02 -1.790490001440048218e-01 -2.027969956398010254e-01 0.000000000000000000e+00
-1.691199988126754761e-01 -1.847459971904754639e-01 5.923200026154518127e-02 0.000000000000000000e+00
1.052829995751380920e-01 -1.392699964344501495e-02 -1.146050021052360535e-01 0.000000000000000000e+00
1.328530013561248779e-01 -2.634609937667846680e-01 2.903099916875362396e-02 1.000000000000000000e+00
1.178719997406005859e-01 -1.392699964344501495e-02 -5.939399823546409607e-02 0.000000000000000000e+00
-7.720900326967239380e-02 7.197099924087524414e-02 4.507900029420852661e-02 0.000000000000000000e+00
1.111150011420249939e-01 -2.893509864807128906e-01 -1.588999927043914795e-01 1.000000000000000000e+00
-1.691199988126754761e-01 -7.422400265932083130e-02 -1.002139970660209656e-01 0.000000000000000000e+00
1.700669974088668823e-01 -1.562500000000000000e-01 7.185699790716171265e-02 0.000000000000000000e+00
1.086400002241134644e-01 -1.790490001440048218e-01 -3.813900053501129150e-02 0.000000000000000000e+00
1.525010019540786743e-01 -2.360599935054779053e-01 -2.257989943027496338e-01 1.000000000000000000e+00
8.822000026702880859e-02 -1.392699964344501495e-02 -3.358999965712428093e-03 0.000000000000000000e+00
7.973200082778930664e-02 -5.548699945211410522e-02 1.133870035409927368e-01 0.000000000000000000e+00
1.700669974088668823e-01 -3.670189976692199707e-01 -1.868380010128021240e-01 1.000000000000000000e+00
9.211699664592742920e-02 -4.358199983835220337e-02 1.133870035409927368e-01 0.000000000000000000e+00
-1.691199988126754761e-01 1.565430015325546265e-01 9.126400202512741089e-02 0.000000000000000000e+00
-1.265099942684173584e-01 1.554549932479858398e-01 1.133870035409927368e-01 0.000000000000000000e+00
-4.324699938297271729e-02 -1.027420014142990112e-01 -2.257989943027496338e-01 0.000000000000000000e+00
1.700669974088668823e-01 -2.067600041627883911e-01 -1.742119938135147095e-01 1.000000000000000000e+00
-1.691199988126754761e-01 -3.867419958114624023e-01 -2.086759954690933228e-01 1.000000000000000000e+00
-1.691199988126754761e-01 -1.630720049142837524e-01 -1.077589988708496094e-01 0.000000000000000000e+00
-1.691199988126754761e-01 -2.388769984245300293e-01 2.910800091922283173e-02 1.000000000000000000e+00
-1.136009991168975830e-01 -2.213460057973861694e-01 7.091099768877029419e-02 1.000000000000000000e+00
1.298259943723678589e-01 -2.106660008430480957e-01 2.903099916875362396e-02 1.000000000000000000e+00
4.916699975728988647e-02 -2.554100006818771362e-02 -2.257989943027496338e-01 0.000000000000000000e+00
-1.297640055418014526e-01 -1.392699964344501495e-02 -1.328510046005249023e-01 0.000000000000000000e+00
-1.110600028187036514e-02 -1.392699964344501495e-02 -1.235390007495880127e-01 0.000000000000000000e+00
-7.075899839401245117e-02 1.226700004190206528e-02 4.507900029420852661e-02 0.000000000000000000e+00
9.841399639844894409e-02 2.247370034456253052e-01 1.133870035409927368e-01 0.000000000000000000e+00
7.510100305080413818e-02 3.110199980437755585e-02 4.507900029420852661e-02 0.000000000000000000e+00
1.306570023298263550e-01 -2.080779969692230225e-01 2.903099916875362396e-02 1.000000000000000000e+00
1.260000048205256462e-03 -1.790490001440048218e-01 9.713699668645858765e-02 0.000000000000000000e+00
1.686020046472549438e-01 8.978900313377380371e-02 1.133870035409927368e-01 0.000000000000000000e+00
1.700669974088668823e-01 2.320359945297241211e-01 7.743100076913833618e-02 0.000000000000000000e+00
1.700669974088668823e-01 -5.951299890875816345e-02 7.082399725914001465e-02 0.000000000000000000e+00
-1.136009991168975830e-01 -4.461100101470947266e-01 4.574599862098693848e-02 1.000000000000000000e+00
1.111150011420249939e-01 -4.663279950618743896e-01 6.802599877119064331e-02 1.000000000000000000e+00
-1.486189961433410645e-01 1.153829991817474365e-01 4.507900029420852661e-02 0.000000000000000000e+00
1.700669974088668823e-01 -1.037100031971931458e-01 1.079230010509490967e-01 0.000000000000000000e+00
-7.824300229549407959e-02 1.476520001888275146e-01 4.507900029420852661e-02 0.000000000000000000e+00
1.467690020799636841e-01 -3.890179991722106934e-01 -1.570499986410140991e-01 1.000000000000000000e+00
9.285800158977508545e-02 -7.236000150442123413e-02 -2.257989943027496338e-01 0.000000000000000000e+00
3.989699855446815491e-02 3.445659875869750977e-01 4.507900029420852661e-02 0.000000000000000000e+00
6.746999919414520264e-02 -1.392699964344501495e-02 -2.761499956250190735e-02 0.000000000000000000e+00
-7.681900262832641602e-02 2.750799953937530518e-01 1.133870035409927368e-01 0.000000000000000000e+00
-1.136009991168975830e-01 -4.079180061817169189e-01 -1.877900063991546631e-01 1.000000000000000000e+00
-9.384799748659133911e-02 -1.503800004720687866e-01 1.133870035409927368e-01 0.000000000000000000e+00
1.581619977951049805e-01 -1.790490001440048218e-01 -1.535500027239322662e-02 0.000000000000000000e+00
1.700669974088668823e-01 -2.778640091419219971e-01 8.091399818658828735e-02 1.000000000000000000e+00
-1.110619977116584778e-01 -1.790490001440048218e-01 -6.501100212335586548e-02 0.000000000000000000e+00
8.872400224208831787e-02 -1.790490001440048218e-01 -3.791699931025505066e-02 0.000000000000000000e+00
-1.513520032167434692e-01 3.373349905014038086e-01 4.507900029420852661e-02 0.000000000000000000e+00
-1.377030014991760254e-01 -1.790490001440048218e-01 1.197800040245056152e-02 0.000000000000000000e+00
1.300680041313171387e-01 3.379350006580352783e-01 1.133870035409927368e-01 0.000000000000000000e+00
-1.066140010952949524e-01 2.975009977817535400e-01 4.507900029420852661e-02 0.000000000000000000e+00
1.300459951162338257e-01 -1.790490001440048218e-01 -5.900000105611979961e-04 0.000000000000000000e+00
1.700669974088668823e-01 -1.869869977235794067e-01 -1.971459984779357910e-01 1.000000000000000000e+00
1.549479961395263672e-01 2.671169936656951904e-01 1.133870035409927368e-01 0.000000000000000000e+00
1.376180052757263184e-01 1.568669974803924561e-01 4.507900029420852661e-02 0.000000000000000000e+00
-1.586059927940368652e-01 2.576290071010589600e-01 4.507900029420852661e-02 0.000000000000000000e+00
-1.136009991168975830e-01 -2.446320056915283203e-01 9.173399955034255981e-02 1.000000000000000000e+00
8.666000328958034515e-03 -1.790490001440048218e-01 -1.379009932279586792e-01 0.000000000000000000e+00
6.002200022339820862e-02 -1.379469931125640869e-01 -2.257989943027496338e-01 0.000000000000000000e+00
1.303540021181106567e-01 -1.659299992024898529e-02 -2.257989943027496338e-01 0.000000000000000000e+00
-4.115400090813636780e-02 -1.229849979281425476e-01 1.133870035409927368e-01 0.000000000000000000e+00
-1.691199988126754761e-01 1.382279992103576660e-01 7.061500102281570435e-02 0.000000000000000000e+00
1.491200029850006104e-01 -2.848969995975494385e-01 1.133870035409927368e-01 1.000000000000000000e+00
-1.432829946279525757e-01 -1.790490001440048218e-01 -1.028830036520957947e-01 0.000000000000000000e+00
7.364799827337265015e-02 3.892959952354431152e-01 5.674799904227256775e-02 0.000000000000000000e+00
1.688929945230484009e-01 -4.801349937915802002e-01 7.248800247907638550e-02 1.000000000000000000e+00
-1.221370026469230652e-01 -1.392699964344501495e-02 -1.334639936685562134e-01 0.000000000000000000e+00
-1.460179984569549561e-01 -4.480110108852386475e-01 2.903099916875362396e-02 1.000000000000000000e+00
-1.136009991168975830e-01 -2.997969985008239746e-01 -1.944320052862167358e-01 1.000000000000000000e+00
-3.237799927592277527e-02 1.758079975843429565e-01 1.133870035409927368e-01 0.000000000000000000e+00
-8.364699780941009521e-02 1.987520009279251099e-01 1.133870035409927368e-01 0.000000000000000000e+00
-7.169199734926223755e-02 -1.392699964344501495e-02 -2.110240012407302856e-01 0.000000000000000000e+00
1.700669974088668823e-01 7.373499870300292969e-02 1.041380017995834351e-01 0.000000000000000000e+00
5.917299911379814148e-02 -1.392699964344501495e-02 -3.466999903321266174e-02 0.000000000000000000e+00
-1.136009991168975830e-01 -4.650200009346008301e-01 -1.758600026369094849e-01 1.000000000000000000e+00
-2.376000024378299713e-02 3.219949901103973389e-01 4.507900029420852661e-02 0.000000000000000000e+00
-1.691199988126754761e-01 -2.864710092544555664e-01 -2.073329985141754150e-01 1.000000000000000000e+00
-9.709600359201431274e-02 -6.592199951410293579e-02 1.133870035409927368e-01 0.000000000000000000e+00
1.935599930584430695e-02 -1.032000035047531128e-01 1.133870035409927368e-01 0.000000000000000000e+00
-4.740799963474273682e-02 3.937410116195678711e-01 6.471099704504013062e-02 0.000000000000000000e+00
-1.243349984288215637e-01 1.753190010786056519e-01 1.133870035409927368e-01 0.000000000000000000e+00
1.700669974088668823e-01 -1.729740053415298462e-01 -9.824299812316894531e-02 0.000000000000000000e+00
6.043999921530485153e-03 4.554200172424316406e-02 4.507900029420852661e-02 0.000000000000000000e+00
1.700669974088668823e-01 -9.710799902677536011e-02 7.066199928522109985e-02 0.000000000000000000e+00
-9.751400351524353027e-02 3.017979860305786133e-01 1.133870035409927368e-01 0.000000000000000000e+00
1.700669974088668823e-01 2.736909985542297363e-01 6.083000078797340393e-02 0.000000000000000000e+00
-5.462999921292066574e-03 -1.392699964344501495e-02 3.522500023245811462e-02 0.000000000000000000e+00
3.279000055044889450e-03 3.877460062503814697e-01 1.133870035409927368e-01 0.000000000000000000e+00
-1.136009991168975830e-01 -4.340069890022277832e-01 -1.685480028390884399e-01 1.000000000000000000e+00
1.366820037364959717e-01 -2.744129896163940430e-01 2.903099916875362396e-02 1.000000000000000000e+00
4.947999864816665649e-02 -6.557100266218185425e-02 1.133870035409927368e-01 0.000000000000000000e+00
-1.691199988126754761e-01 -4.151900112628936768e-01 -1.628279983997344971e-01 1.000000000000000000e+00
1.700669974088668823e-01 -7.439900189638137817e-02 -3.198599815368652344e-02 0.000000000000000000e+00
-5.762699991464614868e-02 1.109850034117698669e-01 4.507900029420852661e-02 0.000000000000000000e+00
-1.189699955284595490e-02 3.019829988479614258e-01 1.133870035409927368e-01 0.000000000000000000e+00
-1.691199988126754761e-01 2.014099955558776855e-01 7.329100370407104492e-02 0.000000000000000000e+00
-7.540000230073928833e-02 3.229590058326721191e-01 4.507900029420852661e-02 0.000000000000000000e+00
-1.337410062551498413e-01 -4.369910061359405518e-01 -2.257989943027496338e-01 1.000000000000000000e+00
-5.804599821567535400e-02 -1.790490001440048218e-01 -9.982900321483612061e-02 0.000000000000000000e+00
1.277749985456466675e-01 3.586429953575134277e-01 4.507900029420852661e-02 0.000000000000000000e+00
-6.631900370121002197e-02 3.238039910793304443e-01 4.507900029420852661e-02 0.000000000000000000e+00
9.336300194263458252e-02 -1.475059986114501953e-01 -2.257989943027496338e-01 0.000000000000000000e+00
-9.182500094175338745e-02 3.157820105552673340e-01 4.507900029420852661e-02 0.000000000000000000e+00
1.700669974088668823e-01 7.036499679088592529e-02 5.339000001549720764e-02 0.000000000000000000e+00
1.522559970617294312e-01 -3.895010054111480713e-01 1.133870035409927368e-01 1.000000000000000000e+00
-9.772899746894836426e-02 -5.592000111937522888e-02 1.133870035409927368e-01 0.000000000000000000e+00
1.700669974088668823e-01 -1.742749959230422974e-01 -7.542499899864196777e-02 0.000000000000000000e+00
-1.229209974408149719e-01 -4.198659956455230713e-01 2.903099916875362396e-02 1.000000000000000000e+00
-5.741799995303153992e-02 1.964199990034103394e-01 4.507900029420852661e-02 0.000000000000000000e+00
5.563000217080116272e-03 -1.790490001440048218e-01 1.278399955481290817e-02 0.000000000000000000e+00
7.370699942111968994e-02 2.633199989795684814e-01 1.133870035409927368e-01 0.000000000000000000e+00
-6.553299725055694580e-02 2.915729880332946777e-01 1.133870035409927368e-01 0.000000000000000000e+00
-1.691199988126754761e-01 -6.314499676227569580e-02 8.937100321054458618e-02 0.000000000000000000e+00
8.859500288963317871e-02 -9.365800023078918457e-02 -2.257989943027496338e-01 0.000000000000000000e+00
-5.502099916338920593e-02 -1.392699964344501495e-02 -1.221870034933090210e-01 0.000000000000000000e+00
-1.691199988126754761e-01 2.294919937849044800e-01 5.542200058698654175e-02 0.000000000000000000e+00
-1.548330038785934448e-01 -2.721639871597290039e-01 2.903099916875362396e-02 1.000000000000000000e+00
1.700669974088668823e-01 1.284050047397613525e-01 6.851000338792800903e-02 0.000000000000000000e+00
-1.691199988126754761e-01 -1.655430048704147339e-01 2.463999902829527855e-03 0.000000000000000000e+00
2.093500085175037384e-02 -1.471769958734512329e-01 -2.257989943027496338e-01 0.000000000000000000e+00
-1.691199988126754761e-01 -4.737690091133117676e-01 8.684200048446655273e-02 1.000000000000000000e+00
-9.196000173687934875e-03 3.289870023727416992e-01 4.507900029420852661e-02 0.000000000000000000e+00
-1.110880002379417419e-01 3.642489910125732422e-01 4.507900029420852661e-02 0.000000000000000000e+00
1.277880072593688965e-01 1.497900038957595825e-01 4.507900029420852661e-02 0.000000000000000000e+00
-3.711599856615066528e-02 3.371579945087432861e-01 4.507900029420852661e-02 0.000000000000000000e+00
-1.691199988126754761e-01 -9.802100062370300293e-02 1.065130010247230530e-01 0.000000000000000000e+00
9.485399723052978516e-02 2.703079879283905029e-01 1.133870035409927368e-01 0.000000000000000000e+00
5.587799847126007080e-02 -1.790490001440048218e-01 -1.764480024576187134e-01 0.000000000000000000e+00
-2.559399977326393127e-02 3.269920051097869873e-01 1.133870035409927368e-01 0.000000000000000000e+00
7.446800172328948975e-02 2.151229977607727051e-01 1.133870035409927368e-01 0.000000000000000000e+00
-1.136009991168975830e-01 -3.222930133342742920e-01 6.713800132274627686e-02 1.000000000000000000e+00
-1.136009991168975830e-01 -3.769760131835937500e-01 3.307199850678443909e-02 1.000000000000000000e+00
-5.680499970912933350e-02 -1.790490001440048218e-01 -1.573980003595352173e-01 0.000000000000000000e+00
-1.183720007538795471e-01 -3.397589921951293945e-01 -2.257989943027496338e-01 1.000000000000000000e+00
-5.727199837565422058e-02 2.033790051937103271e-01 1.133870035409927368e-01 0.000000000000000000e+00
-3.159400075674057007e-02 -1.392699964344501495e-02 -1.627199910581111908e-02 0.000000000000000000e+00
1.523790061473846436e-01 7.172600179910659790e-02 1.133870035409927368e-01 0.000000000000000000e+00
1.659419983625411987e-01 1.213169991970062256e-01 1.133870035409927368e-01 0.000000000000000000e+00
-6.660799682140350342e-02 -1.790490001440048218e-01 -1.051099970936775208e-01 0.000000000000000000e+00
-1.691199988126754761e-01 -4.304130077362060547e-01 -1.925140023231506348e-01 1.000000000000000000e+00
6.698600202798843384e-02 3.490279912948608398e-01 4.507900029420852661e-02 0.000000000000000000e+00
-1.691199988126754761e-01 1.897470057010650635e-01 8.374299854040145874e-02 0.000000000000000000e+00
1.700669974088668823e-01 -2.098020017147064209e-01 -1.581850051879882812e-01 1.000000000000000000e+00
-1.523829996585845947e-01 -2.730480134487152100e-01 -2.257989943027496338e-01 1.000000000000000000e+00
1.127210035920143127e-01 -2.196840047836303711e-01 1.133870035409927368e-01 1.000000000000000000e+00
9.173800051212310791e-02 -1.790490001440048218e-01 -1.656160056591033936e-01 0.000000000000000000e+00
1.700669974088668823e-01 -1.262090057134628296e-01 1.070609986782073975e-01 0.000000000000000000e+00
-1.136009991168975830e-01 -2.522310018539428711e-01 9.631600230932235718e-02 1.000000000000000000e+00
-1.184810027480125427e-01 6.163100153207778931e-02 4.507900029420852661e-02 0.000000000000000000e+00
-1.614199951291084290e-02 9.077999740839004517e-02 4.507900029420852661e-02 0.000000000000000000e+00
-1.216019988059997559e-01 -2.005909979343414307e-01 -2.257989943027496338e-01 1.000000000000000000e+00
-1.400000043213367462e-02 -1.392699964344501495e-02 -2.029139995574951172e-01 0.000000000000000000e+00
1.011200025677680969e-01 1.063959971070289612e-01 1.133870035409927368e-01 0.000000000000000000e+00
1.700669974088668823e-01 -1.408389955759048462e-01 -9.220200031995773315e-02 0.000000000000000000e+00
6.674499809741973877e-02 2.997000003233551979e-03 4.507900029420852661e-02 0.000000000000000000e+00
1.117940023541450500e-01 -4.229759871959686279e-01 1.133870035409927368e-01 1.000000000000000000e+00
-1.691199988126754761e-01 9.584800153970718384e-02 7.212500274181365967e-02 0.000000000000000000e+00
1.111150011420249939e-01 -3.947780132293701172e-01 8.634500205516815186e-02 1.000000000000000000e+00
1.111150011420249939e-01 -2.551600039005279541e-01 -1.993779987096786499e-01 1.000000000000000000e+00
-1.691199988126754761e-01 1.908459961414337158e-01 5.582699924707412720e-02 0.000000000000000000e+00
-1.631560027599334717e-01 -1.790490001440048218e-01 -1.273629963397979736e-01 0.000000000000000000e+00
-2.806100063025951385e-02 2.491869926452636719e-01 4.507900029420852661e-02 0.000000000000000000e+00
1.700669974088668823e-01 2.495400011539459229e-01 1.068010032176971436e-01 0.000000000000000000e+00
-1.691199988126754761e-01 -3.166300058364868164e-02 -2.507900074124336243e-02 0.000000000000000000e+00
1.272900030016899109e-02 2.695249915122985840e-01 4.507900029420852661e-02 0.000000000000000000e+00
-5.232499912381172180e-02 3.718909919261932373e-01 4.507900029420852661e-02 0.000000000000000000e+00
-1.136009991168975830e-01 -2.479909956455230713e-01 6.672199815511703491e-02 1.000000000000000000e+00
1.700669974088668823e-01 1.620499938726425171e-01 5.488200113177299500e-02 0.000000000000000000e+00
-1.136009991168975830e-01 -2.425149977207183838e-01 -1.930720061063766479e-01 1.000000000000000000e+00
-1.691199988126754761e-01 -1.848219931125640869e-01 -1.800339967012405396e-01 1.000000000000000000e+00
1.272750049829483032e-01 -2.944399975240230560e-02 -2.257989943027496338e-01 0.000000000000000000e+00
-9.279900044202804565e-02 -1.790490001440048218e-01 -4.442400112748146057e-02 0.000000000000000000e+00
1.111150011420249939e-01 -2.650080025196075439e-01 -2.116860002279281616e-01 1.000000000000000000e+00
-1.691199988126754761e-01 -1.816499978303909302e-02 -3.327999962493777275e-03 0.000000000000000000e+00
-1.691199988126754761e-01 -3.634000122547149658e-01 7.682999968528747559e-02 1.000000000000000000e+00
-1.324480026960372925e-01 2.832219898700714111e-01 4.507900029420852661e-02 0.000000000000000000e+00
1.328669935464859009e-01 -4.379059970378875732e-01 1.133870035409927368e-01 1.000000000000000000e+00
-1.594859957695007324e-01 -1.392699964344501495e-02 -1.651429980993270874e-01 0.000000000000000000e+00
1.700669974088668823e-01 -4.457849860191345215e-01 -1.705420017242431641e-01 1.000000000000000000e+00
1.700669974088668823e-01 -5.551600083708763123e-02 7.670500129461288452e-02 0.000000000000000000e+00
1.140009984374046326e-01 1.710090041160583496e-01 1.133870035409927368e-01 0.000000000000000000e+00
1.700669974088668823e-01 -2.761299908161163330e-01 -1.952430009841918945e-01 1.000000000000000000e+00
-1.691199988126754761e-01 -5.527000129222869873e-02 -2.029580026865005493e-01 0.000000000000000000e+00
-8.801700174808502197e-02 -1.320459991693496704e-01 1.133870035409927368e-01 0.000000000000000000e+00
7.071500271558761597e-02 -8.356799930334091187e-02 -2.257989943027496338e-01 0.000000000000000000e+00
1.700669974088668823e-01 -1.688349992036819458e-01 -1.636079996824264526e-01 1.000000000000000000e+00
1.700669974088668823e-01 -5.214999988675117493e-02 6.430999841541051865e-03 0.000000000000000000e+00
-1.691199988126754761e-01 2.971580028533935547e-01 1.027899980545043945e-01 0.000000000000000000e+00
-1.691199988126754761e-01 -4.089500010013580322e-02 -2.074860036373138428e-01 0.000000000000000000e+00
-1.587090045213699341e-01 -4.259540140628814697e-01 -2.257989943027496338e-01 1.000000000000000000e+00
1.276849955320358276e-01 -4.801349937915802002e-01 1.102719977498054504e-01 1.000000000000000000e+00
-1.646450012922286987e-01 1.741739958524703979e-01 1.133870035409927368e-01 0.000000000000000000e+00
1.388230025768280029e-01 -1.790490001440048218e-01 1.026500016450881958e-02 0.000000000000000000e+00
-1.595849990844726562e-01 2.305340021848678589e-01 1.133870035409927368e-01 0.000000000000000000e+00
-3.402400016784667969e-02 -1.392699964344501495e-02 -2.019869983196258545e-01 0.000000000000000000e+00
1.484079957008361816e-01 -4.279580116271972656e-01 -1.570499986410140991e-01 1.000000000000000000e+00
-1.617099940776824951e-01 -1.392699964344501495e-02 -1.880500018596649170e-01 0.000000000000000000e+00
1.700669974088668823e-01 -2.565470039844512939e-01 3.590900078415870667e-02 1.000000000000000000e+00
-1.691199988126754761e-01 -1.158130019903182983e-01 -1.600899919867515564e-02 0.000000000000000000e+00
1.574809998273849487e-01 -4.801349937915802002e-01 8.471400290727615356e-02 1.000000000000000000e+00
-6.895000115036964417e-03 -8.664199709892272949e-02 -2.257989943027496338e-01 0.000000000000000000e+00
-9.347999840974807739e-02 -1.790490001440048218e-01 -1.262969970703125000e-01 0.000000000000000000e+00
-7.828299701213836670e-02 -1.224350035190582275e-01 1.133870035409927368e-01 0.000000000000000000e+00
1.700669974088668823e-01 -6.550200283527374268e-02 -3.568800166249275208e-02 0.000000000000000000e+00
1.303129941225051880e-01 -1.503850072622299194e-01 1.133870035409927368e-01 0.000000000000000000e+00
4.721099883317947388e-02 -1.494680047035217285e-01 -2.257989943027496338e-01 0.000000000000000000e+00
-1.247500032186508179e-01 2.366310060024261475e-01 1.133870035409927368e-01 0.000000000000000000e+00
-7.821100205183029175e-02 -1.392699964344501495e-02 -7.726199924945831299e-02 0.000000000000000000e+00
1.700669974088668823e-01 -4.766200110316276550e-02 -1.775700002908706665e-01 0.000000000000000000e+00
-7.392899692058563232e-02 -1.732169985771179199e-01 -2.257989943027496338e-01 0.000000000000000000e+00
1.663780063390731812e-01 -2.255260050296783447e-01 2.903099916875362396e-02 1.000000000000000000e+00
5.338000133633613586e-03 9.495499730110168457e-02 4.507900029420852661e-02 0.000000000000000000e+00
-1.484480053186416626e-01 -1.790490001440048218e-01 -1.101099997758865356e-01 0.000000000000000000e+00
1.229460015892982483e-01 -4.801349937915802002e-01 -1.619669944047927856e-01 1.000000000000000000e+00
2.822099998593330383e-02 3.518600016832351685e-02 1.133870035409927368e-01 0.000000000000000000e+00
5.115399882197380066e-02 -1.790490001440048218e-01 -7.280999794602394104e-03 0.000000000000000000e+00
1.291909962892532349e-01 -4.158020019531250000e-01 2.903099916875362396e-02 1.000000000000000000e+00
1.700669974088668823e-01 -1.010340005159378052e-01 3.271000087261199951e-02 0.000000000000000000e+00
7.475499808788299561e-02 3.890610039234161377e-01 1.122040003538131714e-01 0.000000000000000000e+00
-1.288589984178543091e-01 -1.981769949197769165e-01 -2.257989943027496338e-01 1.000000000000000000e+00
-5.922000110149383545e-02 -1.356479972600936890e-01 -2.257989943027496338e-01 0.000000000000000000e+00
-1.330929994583129883e-01 1.504530012607574463e-01 1.133870035409927368e-01 0.000000000000000000e+00
-1.691199988126754761e-01 -4.571560025215148926e-01 8.819200098514556885e-02 1.000000000000000000e+00
-1.691199988126754761e-01 1.989369988441467285e-01 6.356500089168548584e-02 0.000000000000000000e+00
-1.624390035867691040e-01 -4.801349937915802002e-01 5.419800058007240295e-02 1.000000000000000000e+00
1.107989996671676636e-01 1.383830010890960693e-01 1.133870035409927368e-01 0.000000000000000000e+00
1.700669974088668823e-01 -1.072779968380928040e-01 -1.985850036144256592e-01 0.000000000000000000e+00
-1.691199988126754761e-01 -4.096890091896057129e-01 8.857099711894989014e-02 1.000000000000000000e+00
-9.870500117540359497e-02 -1.790490001440048218e-01 6.626999936997890472e-03 0.000000000000000000e+00
5.481199920177459717e-02 -1.790490001440048218e-01 -1.200060024857521057e-01 0.000000000000000000e+00
-6.190099939703941345e-02 3.083460032939910889e-01 4.507900029420852661e-02 0.000000000000000000e+00
1.700669974088668823e-01 -7.434900104999542236e-02 -2.114019989967346191e-01 0.000000000000000000e+00
-8.958300203084945679e-02 3.381629884243011475e-01 1.133870035409927368e-01 0.000000000000000000e+00
6.915300339460372925e-02 1.987330019474029541e-01 1.133870035409927368e-01 0.000000000000000000e+00
9.022799879312515259e-02 -1.790490001440048218e-01 -2.048799954354763031e-02 0.000000000000000000e+00
-1.615300029516220093e-01 -1.830369979143142700e-01 1.133870035409927368e-01 1.000000000000000000e+00
1.572529971599578857e-01 -6.222900003194808960e-02 -2.257989943027496338e-01 0.000000000000000000e+00
-7.083900272846221924e-02 -1.392699964344501495e-02 -6.274300068616867065e-02 0.000000000000000000e+00
8.559899777173995972e-02 -5.412000231444835663e-03 4.507900029420852661e-02 0.000000000000000000e+00
1.111150011420249939e-01 -4.559940099716186523e-01 -1.964869946241378784e-01 1.000000000000000000e+00
-1.405310034751892090e-01 -9.230200201272964478e-02 1.133870035409927368e-01 0.000000000000000000e+00
-1.409090012311935425e-01 -2.495460063219070435e-01 -2.257989943027496338e-01 1.000000000000000000e+00
1.700669974088668823e-01 -2.082699909806251526e-02 8.160600066184997559e-02 0.000000000000000000e+00
1.700669974088668823e-01 1.131139993667602539e-01 9.400299936532974243e-02 0.000000000000000000e+00
-1.691199988126754761e-01 -8.177399635314941406e-02 9.744200110435485840e-02 0.000000000000000000e+00
-1.136009991168975830e-01 -3.582380115985870361e-01 9.735900163650512695e-02 1.000000000000000000e+00
-1.178110018372535706e-01 -2.641510069370269775e-01 -2.257989943027496338e-01 1.000000000000000000e+00
1.700669974088668823e-01 -6.473999936133623123e-03 1.039189994335174561e-01 0.000000000000000000e+00
-1.136009991168975830e-01 -2.321989983320236206e-01 -2.046719938516616821e-01 1.000000000000000000e+00
-1.485249996185302734e-01 -1.790490001440048218e-01 -1.151999980211257935e-01 0.000000000000000000e+00
-6.244099885225296021e-02 -1.694879978895187378e-01 1.133870035409927368e-01 0.000000000000000000e+00
-1.218369975686073303e-01 -4.787609875202178955e-01 1.133870035409927368e-01 1.000000000000000000e+00
7.770500332117080688e-02 2.513949871063232422e-01 1.133870035409927368e-01 0.000000000000000000e+00
8.688700199127197266e-02 -1.392699964344501495e-02 -2.099730074405670166e-01 0.000000000000000000e+00
-1.568150073289871216e-01 -1.543080061674118042e-01 1.133870035409927368e-01 0.000000000000000000e+00
-1.300839930772781372e-01 -1.790490001440048218e-01 6.711999885737895966e-03 0.000000000000000000e+00
1.700669974088668823e-01 -2.585250139236450195e-01 -2.018740028142929077e-01 1.000000000000000000e+00
5.602300167083740234e-02 -1.790490001440048218e-01 -1.261969953775405884e-01 0.000000000000000000e+00
-5.113000050187110901e-03 -1.392699964344501495e-02 -1.805790066719055176e-01 0.000000000000000000e+00
-5.260999780148267746e-03 2.182739973068237305e-01 4.507900029420852661e-02 0.000000000000000000e+00
-1.055790036916732788e-01 1.938669979572296143e-01 1.133870035409927368e-01 0.000000000000000000e+00
-5.794300138950347900e-02 1.017550006508827209e-01 1.133870035409927368e-01 0.000000000000000000e+00
9.300199896097183228e-02 3.794150054454803467e-01 1.133870035409927368e-01 0.000000000000000000e+00
-1.136009991168975830e-01 -3.551410138607025146e-01 -1.707900017499923706e-01 1.000000000000000000e+00
1.477349996566772461e-01 -1.725260019302368164e-01 1.133870035409927368e-01 1.000000000000000000e+00
5.948600172996520996e-02 3.324399888515472412e-01 1.133870035409927368e-01 0.000000000000000000e+00
-2.237500064074993134e-02 -1.647370010614395142e-01 -2.257989943027496338e-01 0.000000000000000000e+00
-1.090919971466064453e-01 -1.790490001440048218e-01 -2.374799922108650208e-02 0.000000000000000000e+00
8.509399741888046265e-02 -1.392699964344501495e-02 -7.388299703598022461e-02 0.000000000000000000e+00
-1.691199988126754761e-01 -4.534780085086822510e-01 -1.783570051193237305e-01 1.000000000000000000e+00
1.700669974088668823e-01 -1.547490060329437256e-01 9.395200014114379883e-02 0.000000000000000000e+00
-1.639799959957599640e-02 -3.773900121450424194e-02 -2.257989943027496338e-01 0.000000000000000000e+00
1.333660036325454712e-01 -4.043020009994506836e-01 2.903099916875362396e-02 1.000000000000000000e+00
-1.487599965184926987e-02 1.956599950790405273e-01 1.133870035409927368e-01 0.000000000000000000e+00
-2.767499908804893494e-02 2.829209864139556885e-01 1.133870035409927368e-01 0.000000000000000000e+00
-1.691199988126754761e-01 -3.202689886093139648e-01 -1.918279975652694702e-01 1.000000000000000000e+00
-1.691199988126754761e-01 -5.322299897670745850e-02 3.277000039815902710e-03 0.000000000000000000e+00
1.992199942469596863e-02 -4.781199991703033447e-02 -2.257989943027496338e-01 0.000000000000000000e+00
1.158700045198202133e-02 1.059199962764978409e-02 4.507900029420852661e-02 0.000000000000000000e+00
1.700669974088668823e-01 -5.126700177788734436e-02 -1.996310055255889893e-01 0.000000000000000000e+00
-2.601799927651882172e-02 2.220090031623840332e-01 1.133870035409927368e-01 0.000000000000000000e+00
1.522199958562850952e-01 1.653829962015151978e-01 1.133870035409927368e-01 0.000000000000000000e+00
-1.575179994106292725e-01 -3.780919909477233887e-01 -1.570499986410140991e-01 1.000000000000000000e+00
1.700669974088668823e-01 1.207510009407997131e-01 6.208400055766105652e-02 0.000000000000000000e+00
1.163849979639053345e-01 -4.655770063400268555e-01 2.903099916875362396e-02 1.000000000000000000e+00
1.110640019178390503e-01 -1.392699964344501495e-02 1.413100026547908783e-02 0.000000000000000000e+00
-7.187599688768386841e-02 -1.392699964344501495e-02 -4.069399833679199219e-02 0.000000000000000000e+00
-1.653639972209930420e-01 -2.682870030403137207e-01 -2.257989943027496338e-01 1.000000000000000000e+00
9.429699927568435669e-02 2.936170101165771484e-01 1.133870035409927368e-01 0.000000000000000000e+00
-4.253000020980834961e-03 3.755890130996704102e-01 4.507900029420852661e-02 0.000000000000000000e+00
6.395299732685089111e-02 -1.790490001440048218e-01 -4.954800009727478027e-02 0.000000000000000000e+00
1.889000087976455688e-02 3.965319991111755371e-01 7.832299917936325073e-02 0.000000000000000000e+00
1.552080065011978149e-01 -3.924680054187774658e-01 2.903099916875362396e-02 1.000000000000000000e+00
-1.691199988126754761e-01 -1.373250037431716919e-01 1.293800026178359985e-02 0.000000000000000000e+00
-7.511600106954574585e-02 6.939800083637237549e-02 1.133870035409927368e-01 0.000000000000000000e+00
-1.136009991168975830e-01 -1.886759996414184570e-01 7.057200372219085693e-02 0.000000000000000000e+00
-5.265299975872039795e-02 -1.392699964344501495e-02 -1.653099991381168365e-02 0.000000000000000000e+00
-6.582999974489212036e-02 -1.392699964344501495e-02 -8.579699695110321045e-02 0.000000000000000000e+00
-1.691199988126754761e-01 -1.074619963765144348e-01 -8.615300059318542480e-02 0.000000000000000000e+00
7.078000158071517944e-02 3.372670114040374756e-01 4.507900029420852661e-02 0.000000000000000000e+00
-1.691199988126754761e-01 -4.039489924907684326e-01 5.554300174117088318e-02 1.000000000000000000e+00
1.191499978303909302e-01 -1.392699964344501495e-02 -1.053339987993240356e-01 0.000000000000000000e+00
1.700669974088668823e-01 1.001719981431961060e-01 5.472699925303459167e-02 0.000000000000000000e+00
3.740600124001502991e-02 -4.372400045394897461e-02 -2.257989943027496338e-01 0.000000000000000000e+00
-6.345599889755249023e-02 -1.691150069236755371e-01 -2.257989943027496338e-01 0.000000000000000000e+00
-1.136009991168975830e-01 -4.269309937953948975e-01 7.499100267887115479e-02 1.000000000000000000e+00
-5.276399850845336914e-02 -1.790490001440048218e-01 -4.964999854564666748e-03 0.000000000000000000e+00
-3.441800177097320557e-02 3.152900040149688721e-01 1.133870035409927368e-01 0.000000000000000000e+00
-1.297080069780349731e-01 -4.225890040397644043e-01 1.133870035409927368e-01 1.000000000000000000e+00
-1.548810005187988281e-01 -1.473259925842285156e-01 -2.257989943027496338e-01 1.000000000000000000e+00
1.700669974088668823e-01 -2.924489974975585938e-01 -1.593559980392456055e-01 1.000000000000000000e+00
1.072039976716041565e-01 -1.790490001440048218e-01 -6.669099628925323486e-02 0.000000000000000000e+00
1.700669974088668823e-01 -2.014699950814247131e-02 -2.231999933719635010e-01 0.000000000000000000e+00
2.838700078427791595e-02 -1.360709965229034424e-01 1.133870035409927368e-01 0.000000000000000000e+00
1.111150011420249939e-01 -1.826719939708709717e-01 8.388700336217880249e-02 0.000000000000000000e+00
1.700669974088668823e-01 -4.037950038909912109e-01 -2.119870036840438843e-01 1.000000000000000000e+00
1.295659989118576050e-01 -3.781529963016510010e-01 1.133870035409927368e-01 1.000000000000000000e+00
-1.136009991168975830e-01 -1.831530034542083740e-01 -1.937939971685409546e-01 0.000000000000000000e+00
1.033530011773109436e-01 3.692219853401184082e-01 1.133870035409927368e-01 0.000000000000000000e+00
9.024199843406677246e-02 -1.392699964344501495e-02 -2.094410061836242676e-01 0.000000000000000000e+00
1.700669974088668823e-01 -1.745339930057525635e-01 -1.646710038185119629e-01 1.000000000000000000e+00
-1.347309947013854980e-01 -5.368300154805183411e-02 -2.257989943027496338e-01 0.000000000000000000e+00
-1.691199988126754761e-01 -2.714999951422214508e-02 -1.506139934062957764e-01 0.000000000000000000e+00
1.700669974088668823e-01 -3.214370012283325195e-01 -1.702319979667663574e-01 1.000000000000000000e+00
-1.237760037183761597e-01 -1.392699964344501495e-02 -6.726299971342086792e-02 0.000000000000000000e+00
1.331329941749572754e-01 -4.983999952673912048e-02 1.133870035409927368e-01 0.000000000000000000e+00
1.700669974088668823e-01 -4.770269989967346191e-01 3.576600179076194763e-02 1.000000000000000000e+00
-2.674000104889273643e-03 -1.392699964344501495e-02 -3.113700076937675476e-02 0.000000000000000000e+00
9.828000329434871674e-03 2.165209949016571045e-01 1.133870035409927368e-01 0.000000000000000000e+00
-1.377000007778406143e-03 8.202599734067916870e-02 4.507900029420852661e-02 0.000000000000000000e+00
3.049999941140413284e-03 -1.129150018095970154e-01 1.133870035409927368e-01 0.000000000000000000e+00
1.601009964942932129e-01 -2.926700115203857422e-01 2.903099916875362396e-02 1.000000000000000000e+00
-1.691199988126754761e-01 -2.225330024957656860e-01 -1.996770054101943970e-01 1.000000000000000000e+00
-1.671410053968429565e-01 -1.790490001440048218e-01 -6.165000144392251968e-03 0.000000000000000000e+00
-1.207839995622634888e-01 -1.392699964344501495e-02 -7.233099639415740967e-02 0.000000000000000000e+00
1.453959941864013672e-01 2.116820067167282104e-01 4.507900029420852661e-02 0.000000000000000000e+00
1.700669974088668823e-01 -2.969020009040832520e-01 -2.104209959506988525e-01 1.000000000000000000e+00
-1.622219979763031006e-01 -2.807520031929016113e-01 1.133870035409927368e-01 1.000000000000000000e+00
-3.736000135540962219e-02 -1.669760048389434814e-01 -2.257989943027496338e-01 0.000000000000000000e+00
1.111150011420249939e-01 -4.215770065784454346e-01 5.532800033688545227e-02 1.000000000000000000e+00
-1.580650061368942261e-01 -3.843519985675811768e-01 1.133870035409927368e-01 1.000000000000000000e+00
-1.298339962959289551e-01 1.544999983161687851e-02 1.133870035409927368e-01 0.000000000000000000e+00
-1.691199988126754761e-01 -2.569029927253723145e-01 9.915000200271606445e-02 1.000000000000000000e+00
-1.118000037968158722e-02 -8.167199790477752686e-02 -2.257989943027496338e-01 0.000000000000000000e+00
-7.919999770820140839e-03 2.354789972305297852e-01 1.133870035409927368e-01 0.000000000000000000e+00
1.700669974088668823e-01 -3.105489909648895264e-01 -1.887760013341903687e-01 1.000000000000000000e+00
-1.136009991168975830e-01 -2.391469925642013550e-01 4.732299968600273132e-02 1.000000000000000000e+00
1.693699955940246582e-01 -3.886930048465728760e-01 -1.570499986410140991e-01 1.000000000000000000e+00
-8.668799698352813721e-02 1.567399948835372925e-01 1.133870035409927368e-01 0.000000000000000000e+00
1.700669974088668823e-01 -2.722379863262176514e-01 3.937000036239624023e-02 1.000000000000000000e+00
1.929100044071674347e-02 -1.392699964344501495e-02 1.477999985218048096e-02 0.000000000000000000e+00
-5.135999992489814758e-03 -8.450499922037124634e-02 1.133870035409927368e-01 0.000000000000000000e+00
8.580700308084487915e-02 1.592659950256347656e-01 1.133870035409927368e-01 0.000000000000000000e+00
1.700669974088668823e-01 -2.794820070266723633e-01 9.927500039339065552e-02 1.000000000000000000e+00
1.667920053005218506e-01 1.814550012350082397e-01 1.133870035409927368e-01 0.000000000000000000e+00
1.370570063591003418e-01 -4.802599921822547913e-02 -2.257989943027496338e-01 0.000000000000000000e+00
1.509190052747726440e-01 2.800090014934539795e-01 1.133870035409927368e-01 0.000000000000000000e+00
1.232109963893890381e-01 2.252289950847625732e-01 1.133870035409927368e-01 0.000000000000000000e+00
-1.691199988126754761e-01 1.324349939823150635e-01 5.173299834132194519e-02 0.000000000000000000e+00
1.363960057497024536e-01 3.697240054607391357e-01 1.101960018277168274e-01 0.000000000000000000e+00
-8.042199909687042236e-02 -1.790490001440048218e-01 -3.374600037932395935e-02 0.000000000000000000e+00
-1.691199988126754761e-01 -1.399890035390853882e-01 -1.616760045289993286e-01 0.000000000000000000e+00
1.700669974088668823e-01 -5.946699902415275574e-02 -8.732300251722335815e-02 0.000000000000000000e+00
1.111150011420249939e-01 -2.611350119113922119e-01 -1.929360032081604004e-01 1.000000000000000000e+00
1.375380009412765503e-01 2.003149986267089844e-01 4.507900029420852661e-02 0.000000000000000000e+00
-7.351700216531753540e-02 1.298999972641468048e-02 4.507900029420852661e-02 0.000000000000000000e+00
-1.691199988126754761e-01 -2.410240024328231812e-01 3.316200152039527893e-02 1.000000000000000000e+00
2.163800038397312164e-02 -1.790490001440048218e-01 7.575099915266036987e-02 0.000000000000000000e+00
-2.833399921655654907e-02 1.057389974594116211e-01 1.133870035409927368e-01 0.000000000000000000e+00
3.209500014781951904e-02 -1.790490001440048218e-01 -4.380499944090843201e-02 0.000000000000000000e+00
-1.352850049734115601e-01 5.948000121861696243e-03 4.507900029420852661e-02 0.000000000000000000e+00
3.651599958539009094e-02 -1.761139929294586182e-01 1.133870035409927368e-01 0.000000000000000000e+00
1.700669974088668823e-01 -1.654000021517276764e-03 5.365600064396858215e-02 0.000000000000000000e+00
4.445999860763549805e-03 -1.790490001440048218e-01 -1.680260002613067627e-01 0.000000000000000000e+00
1.700669974088668823e-01 -1.403229981660842896e-01 -3.590599820017814636e-02 0.000000000000000000e+00
-1.190309971570968628e-01 -2.016710042953491211e-01 -1.570499986410140991e-01 1.000000000000000000e+00
1.493660062551498413e-01 -1.392699964344501495e-02 -2.015070021152496338e-01 0.000000000000000000e+00
-1.205559968948364258e-01 3.040310144424438477e-01 1.133870035409927368e-01 0.000000000000000000e+00
-1.213499996811151505e-02 1.401460021734237671e-01 4.507900029420852661e-02 0.000000000000000000e+00
-1.295830011367797852e-01 -1.392699964344501495e-02 1.527000032365322113e-02 0.000000000000000000e+00
1.700669974088668823e-01 -2.143390029668807983e-01 5.501699820160865784e-02 1.000000000000000000e+00
1.111150011420249939e-01 -4.216029942035675049e-01 -1.627980023622512817e-01 1.000000000000000000e+00
9.382499754428863525e-02 3.844850063323974609e-01 5.370600149035453796e-02 0.000000000000000000e+00
1.668499968945980072e-02 -9.298899769783020020e-02 -2.257989943027496338e-01 0.000000000000000000e+00
1.700669974088668823e-01 -3.145250082015991211e-01 7.455900311470031738e-02 1.000000000000000000e+00
1.366669982671737671e-01 2.158990055322647095e-01 1.133870035409927368e-01 0.000000000000000000e+00
-9.681600332260131836e-02 -1.790490001440048218e-01 -1.696520000696182251e-01 0.000000000000000000e+00
1.206739991903305054e-01 -1.790490001440048218e-01 -1.874200068414211273e-02 0.000000000000000000e+00
-1.624740064144134521e-01 -2.843739986419677734e-01 2.903099916875362396e-02 1.000000000000000000e+00
-1.009759977459907532e-01 -1.468410044908523560e-01 1.133870035409927368e-01 0.000000000000000000e+00
4.986499994993209839e-02 1.331499963998794556e-01 1.133870035409927368e-01 0.000000000000000000e+00
-4.636399820446968079e-02 -1.703130006790161133e-01 1.133870035409927368e-01 0.000000000000000000e+00
-1.691199988126754761e-01 -2.816280126571655273e-01 6.095299869775772095e-02 1.000000000000000000e+00
-1.205160021781921387e-01 -2.129050046205520630e-01 -1.570499986410140991e-01 1.000000000000000000e+00
1.148900017142295837e-01 -3.576720058917999268e-01 -2.257989943027496338e-01 1.000000000000000000e+00
-3.180100023746490479e-02 -1.392699964344501495e-02 -1.022190004587173462e-01 0.000000000000000000e+00
1.397829949855804443e-01 3.683820068836212158e-01 5.647300183773040771e-02 0.000000000000000000e+00
1.700669974088668823e-01 -1.462099980562925339e-02 2.849699929356575012e-02 0.000000000000000000e+00
-1.352259963750839233e-01 -1.392699964344501495e-02 3.945999965071678162e-02 0.000000000000000000e+00
1.653210073709487915e-01 -2.840099930763244629e-01 1.133870035409927368e-01 1.000000000000000000e+00
1.365730017423629761e-01 1.171450018882751465e-01 1.133870035409927368e-01 0.000000000000000000e+00
2.766500040888786316e-02 3.963899984955787659e-02 4.507900029420852661e-02 0.000000000000000000e+00
1.700669974088668823e-01 -1.169990003108978271e-01 -1.927320063114166260e-01 0.000000000000000000e+00
7.111100107431411743e-02 4.732999950647354126e-02 1.133870035409927368e-01 0.000000000000000000e+00
-1.136009991168975830e-01 -2.423550039529800415e-01 1.030699983239173889e-01 1.000000000000000000e+00
8.580700308084487915e-02 -1.790490001440048218e-01 -7.454899698495864868e-02 0.000000000000000000e+00
-1.602959930896759033e-01 2.464340031147003174e-01 4.507900029420852661e-02 0.000000000000000000e+00
-5.605499818921089172e-02 3.038530051708221436e-01 1.133870035409927368e-01 0.000000000000000000e+00
1.337019950151443481e-01 -1.790490001440048218e-01 -5.055499821901321411e-02 0.000000000000000000e+00
-1.280699968338012695e-01 3.726480007171630859e-01 6.851500272750854492e-02 0.000000000000000000e+00
1.320970058441162109e-01 -2.661899924278259277e-01 1.133870035409927368e-01 1.000000000000000000e+00
-1.136009991168975830e-01 -3.942509889602661133e-01 -1.589870005846023560e-01 1.000000000000000000e+00
-1.369919925928115845e-01 6.753200292587280273e-02 1.133870035409927368e-01 0.000000000000000000e+00
-1.136009991168975830e-01 -3.010390102863311768e-01 -1.916130036115646362e-01 1.000000000000000000e+00
1.134160012006759644e-01 -2.457209974527359009e-01 2.903099916875362396e-02 1.000000000000000000e+00
-1.136009991168975830e-01 -3.555609881877899170e-01 -1.952710002660751343e-01 1.000000000000000000e+00
-5.779200047254562378e-02 -9.206700325012207031e-02 1.133870035409927368e-01 0.000000000000000000e+00
9.255199879407882690e-02 -1.392699964344501495e-02 -9.796900302171707153e-02 0.000000000000000000e+00
-1.691199988126754761e-01 -3.757739961147308350e-01 9.129200130701065063e-02 1.000000000000000000e+00
6.550599634647369385e-02 -2.161899954080581665e-02 1.133870035409927368e-01 0.000000000000000000e+00
1.700669974088668823e-01 -3.498330116271972656e-01 4.591200128197669983e-02 1.000000000000000000e+00
1.351680010557174683e-01 -4.021869897842407227e-01 -1.570499986410140991e-01 1.000000000000000000e+00
1.700669974088668823e-01 -4.366070032119750977e-01 8.892799913883209229e-02 1.000000000000000000e+00
-1.461669951677322388e-01 -1.392699964344501495e-02 -1.829909980297088623e-01 0.000000000000000000e+00
-1.691199988126754761e-01 -4.016299918293952942e-02 -1.355140060186386108e-01 0.000000000000000000e+00
-1.691199988126754761e-01 -1.046210005879402161e-01 8.690299838781356812e-02 0.000000000000000000e+00
1.700669974088668823e-01 -1.856610029935836792e-01 -2.076379954814910889e-01 1.000000000000000000e+00
1.569389998912811279e-01 8.131899684667587280e-02 4.507900029420852661e-02 0.000000000000000000e+00
-1.447570025920867920e-01 -1.854380071163177490e-01 1.133870035409927368e-01 1.000000000000000000e+00
-1.402660012245178223e-01 -1.790490001440048218e-01 -1.097839996218681335e-01 0.000000000000000000e+00
-1.185330003499984741e-01 -1.392699964344501495e-02 -2.088059931993484497e-01 0.000000000000000000e+00
-1.691199988126754761e-01 -1.677629947662353516e-01 8.502499759197235107e-02 0.000000000000000000e+00
-1.015129983425140381e-01 -1.790490001440048218e-01 -1.505300030112266541e-02 0.000000000000000000e+00
-1.691199988126754761e-01 -2.768839895725250244e-01 4.890200123190879822e-02 1.000000000000000000e+00
-1.145400032401084900e-01 -4.651280045509338379e-01 1.133870035409927368e-01 1.000000000000000000e+00
1.111150011420249939e-01 -3.632920086383819580e-01 6.776200234889984131e-02 1.000000000000000000e+00
1.700669974088668823e-01 -1.607329994440078735e-01 -2.040919959545135498e-01 1.000000000000000000e+00
-5.221899971365928650e-02 5.892100185155868530e-02 1.133870035409927368e-01 0.000000000000000000e+00
1.096709966659545898e-01 3.796949982643127441e-01 8.784200251102447510e-02 0.000000000000000000e+00
2.318999962881207466e-03 7.822699844837188721e-02 4.507900029420852661e-02 0.000000000000000000e+00
1.516769975423812866e-01 2.806220054626464844e-01 4.507900029420852661e-02 0.000000000000000000e+00
1.700669974088668823e-01 -1.487430036067962646e-01 -1.229240000247955322e-01 0.000000000000000000e+00
-1.136009991168975830e-01 -3.138870000839233398e-01 -1.936690062284469604e-01 1.000000000000000000e+00
1.375489979982376099e-01 2.381400018930435181e-02 4.507900029420852661e-02 0.000000000000000000e+00
-6.580600142478942871e-02 2.981910109519958496e-01 1.133870035409927368e-01 0.000000000000000000e+00
-1.691199988126754761e-01 -6.189899891614913940e-02 -1.025699973106384277e-01 0.000000000000000000e+00
-1.356790065765380859e-01 -1.465319991111755371e-01 -2.257989943027496338e-01 0.000000000000000000e+00
8.042500168085098267e-02 3.025540113449096680e-01 1.133870035409927368e-01 0.000000000000000000e+00
2.419899962842464447e-02 -1.159579977393150330e-01 1.133870035409927368e-01 0.000000000000000000e+00
-1.691199988126754761e-01 -3.983219861984252930e-01 -1.947550028562545776e-01 1.000000000000000000e+00
1.542740017175674438e-01 -4.611479938030242920e-01 -2.257989943027496338e-01 1.000000000000000000e+00
-1.029350012540817261e-01 2.080869972705841064e-01 4.507900029420852661e-02 0.000000000000000000e+00
6.091000046581029892e-03 -1.790490001440048218e-01 -1.531129926443099976e-01 0.000000000000000000e+00
-1.429319977760314941e-01 -2.559340000152587891e-01 1.133870035409927368e-01 1.000000000000000000e+00
-1.136009991168975830e-01 -2.001129984855651855e-01 1.128069981932640076e-01 1.000000000000000000e+00
-1.136009991168975830e-01 -2.031349986791610718e-01 9.331099689006805420e-02 1.000000000000000000e+00
-1.611999981105327606e-02 -1.144120022654533386e-01 1.133870035409927368e-01 0.000000000000000000e+00
-1.187329962849617004e-01 -4.801349937915802002e-01 -2.096109986305236816e-01 1.000000000000000000e+00
1.111150011420249939e-01 -1.852670013904571533e-01 7.292000204324722290e-02 0.000000000000000000e+00
-1.691199988126754761e-01 -2.138880044221878052e-01 6.282299757003784180e-02 1.000000000000000000e+00
1.675760000944137573e-01 -1.790490001440048218e-01 -1.173769980669021606e-01 0.000000000000000000e+00
-3.787099942564964294e-02 2.917029857635498047e-01 4.507900029420852661e-02 0.000000000000000000e+00
-1.169790029525756836e-01 -2.815519869327545166e-01 2.903099916875362396e-02 1.000000000000000000e+00
1.700669974088668823e-01 -2.673250138759613037e-01 8.381299674510955811e-02 1.000000000000000000e+00
-1.691199988126754761e-01 -3.395369946956634521e-01 -1.617570072412490845e-01 1.000000000000000000e+00
1.700669974088668823e-01 -5.583899840712547302e-02 -1.312899962067604065e-02 0.000000000000000000e+00
-1.274559944868087769e-01 2.327200025320053101e-02 1.133870035409927368e-01 0.000000000000000000e+00
7.234299927949905396e-02 -1.790490001440048218e-01 2.594999969005584717e-02 0.000000000000000000e+00
1.632889956235885620e-01 -1.790490001440048218e-01 -1.411509960889816284e-01 0.000000000000000000e+00
1.111150011420249939e-01 -4.325450062751770020e-01 -2.051839977502822876e-01 1.000000000000000000e+00
-2.646799944341182709e-02 -4.075400158762931824e-02 -2.257989943027496338e-01 0.000000000000000000e+00
-1.040780022740364075e-01 -5.655900016427040100e-02 -2.257989943027496338e-01 0.000000000000000000e+00
1.111150011420249939e-01 -4.772259891033172607e-01 -1.791370064020156860e-01 1.000000000000000000e+00
1.349920034408569336e-01 -4.801349937915802002e-01 5.072800070047378540e-02 1.000000000000000000e+00
1.361799985170364380e-01 -4.801349937915802002e-01 -2.060270011425018311e-01 1.000000000000000000e+00
-1.687600016593933105e-01 1.092080026865005493e-01 1.133870035409927368e-01 0.000000000000000000e+00
1.312769949436187744e-01 -1.392699964344501495e-02 -6.637799739837646484e-02 0.000000000000000000e+00
1.700669974088668823e-01 -6.260500103235244751e-02 -1.642410010099411011e-01 0.000000000000000000e+00
-1.279249936342239380e-01 -1.979800015687942505e-01 -2.257989943027496338e-01 1.000000000000000000e+00
-4.828400164842605591e-02 -1.790490001440048218e-01 8.738099783658981323e-02 0.000000000000000000e+00
1.111150011420249939e-01 -2.831400036811828613e-01 1.070000007748603821e-01 1.000000000000000000e+00
-1.372340023517608643e-01 -2.980020046234130859e-01 -1.570499986410140991e-01 1.000000000000000000e+00
-3.712100163102149963e-02 3.164700046181678772e-02 4.507900029420852661e-02 0.000000000000000000e+00
3.999799862504005432e-02 -1.790490001440048218e-01 -9.013299643993377686e-02 0.000000000000000000e+00
-9.927199780941009521e-02 3.804109990596771240e-01 4.507900029420852661e-02 0.000000000000000000e+00
-1.691199988126754761e-01 -3.131400048732757568e-01 7.542099803686141968e-02 1.000000000000000000e+00
1.700669974088668823e-01 -1.789229959249496460e-01 -1.400070041418075562e-01 0.000000000000000000e+00
-1.361609995365142822e-01 2.254699915647506714e-02 4.507900029420852661e-02 0.000000000000000000e+00
-1.480150073766708374e-01 2.003179937601089478e-01 4.507900029420852661e-02 0.000000000000000000e+00
6.188299879431724548e-02 -1.629669964313507080e-01 1.133870035409927368e-01 0.000000000000000000e+00
-1.682600006461143494e-02 -1.790490001440048218e-01 -2.358599938452243805e-02 0.000000000000000000e+00
1.090029999613761902e-01 1.315129995346069336e-01 1.133870035409927368e-01 0.000000000000000000e+00
1.700669974088668823e-01 -7.294099777936935425e-02 2.464199997484683990e-02 0.000000000000000000e+00
-8.904899656772613525e-02 2.866030037403106689e-01 4.507900029420852661e-02 0.000000000000000000e+00
3.801000071689486504e-03 9.448000229895114899e-03 1.133870035409927368e-01 0.000000000000000000e+00
1.700669974088668823e-01 -1.985500007867813110e-02 -1.127600017935037613e-02 0.000000000000000000e+00
-1.691199988126754761e-01 2.778159976005554199e-01 7.490099966526031494e-02 0.000000000000000000e+00
-1.136009991168975830e-01 -2.919870018959045410e-01 1.074260026216506958e-01 1.000000000000000000e+00
-4.225400090217590332e-02 -1.392699964344501495e-02 -2.026280015707015991e-01 0.000000000000000000e+00
1.700669974088668823e-01 2.537460029125213623e-01 5.134600028395652771e-02 0.000000000000000000e+00
1.700669974088668823e-01 -1.697690039873123169e-01 -7.361300289630889893e-02 0.000000000000000000e+00
1.658800058066844940e-02 -1.790490001440048218e-01 -2.139959931373596191e-01 0.000000000000000000e+00
-1.159830018877983093e-01 3.406150043010711670e-01 1.133870035409927368e-01 0.000000000000000000e+00
1.700669974088668823e-01 -3.699000179767608643e-02 7.006499916315078735e-02 0.000000000000000000e+00
-1.691199988126754761e-01 2.567639946937561035e-01 8.862400054931640625e-02 0.000000000000000000e+00
-1.136009991168975830e-01 -4.363520145416259766e-01 -1.630820035934448242e-01 1.000000000000000000e+00
1.334210038185119629e-01 3.428669869899749756e-01 1.133870035409927368e-01 0.000000000000000000e+00
-1.691199988126754761e-01 -6.019299849867820740e-02 6.112100183963775635e-02 0.000000000000000000e+00
7.463700324296951294e-02 1.190240010619163513e-01 4.507900029420852661e-02 0.000000000000000000e+00
5.702200159430503845e-02 3.709119856357574463e-01 4.507900029420852661e-02 0.000000000000000000e+00
-1.136009991168975830e-01 -2.984499931335449219e-01 -2.015819996595382690e-01 1.000000000000000000e+00
1.111150011420249939e-01 -2.767289876937866211e-01 -2.047459930181503296e-01 1.000000000000000000e+00
-1.680220067501068115e-01 -2.519749999046325684e-01 -2.257989943027496338e-01 1.000000000000000000e+00
1.357139945030212402e-01 1.231390014290809631e-01 1.133870035409927368e-01 0.000000000000000000e+00
1.404480040073394775e-01 -2.264470010995864868e-01 1.133870035409927368e-01 1.000000000000000000e+00
1.700669974088668823e-01 -1.150659993290901184e-01 -5.754199996590614319e-02 0.000000000000000000e+00
-1.428119987249374390e-01 -1.392699964344501495e-02 -6.541999988257884979e-03 0.000000000000000000e+00
-9.386800229549407959e-02 1.780399978160858154e-01 1.133870035409927368e-01 0.000000000000000000e+00
-1.399250030517578125e-01 -3.419139981269836426e-01 1.133870035409927368e-01 1.000000000000000000e+00
-1.153030022978782654e-01 -1.392699964344501495e-02 -2.104900032281875610e-01 0.000000000000000000e+00
1.111150011420249939e-01 -3.406099975109100342e-01 3.334800153970718384e-02 1.000000000000000000e+00
1.700669974088668823e-01 2.884710133075714111e-01 6.757199764251708984e-02 0.000000000000000000e+00
-1.267800033092498779e-01 -3.075880110263824463e-01 2.903099916875362396e-02 1.000000000000000000e+00
-1.638969928026199341e-01 -1.649300009012222290e-01 -2.257989943027496338e-01 1.000000000000000000e+00
1.246879994869232178e-01 -1.790490001440048218e-01 -9.205900132656097412e-02 0.000000000000000000e+00
5.682300031185150146e-02 -1.790490001440048218e-01 -2.518700063228607178e-02 0.000000000000000000e+00
7.826999761164188385e-03 -1.790490001440048218e-01 6.764300167560577393e-02 0.000000000000000000e+00
-1.416189968585968018e-01 -1.392699964344501495e-02 1.102199964225292206e-02 0.000000000000000000e+00
1.091210022568702698e-01 -1.790490001440048218e-01 9.670999646186828613e-02 0.000000000000000000e+00
-7.254400104284286499e-02 3.893299996852874756e-01 7.008200138807296753e-02 0.000000000000000000e+00
-1.398839950561523438e-01 3.108429908752441406e-01 1.133870035409927368e-01 0.000000000000000000e+00
-3.054499998688697815e-02 -1.790490001440048218e-01 -1.072169989347457886e-01 0.000000000000000000e+00
1.222029998898506165e-01 3.753480017185211182e-01 8.959300071001052856e-02 0.000000000000000000e+00
1.119790002703666687e-01 -1.701329946517944336e-01 -2.257989943027496338e-01 1.000000000000000000e+00
9.824000298976898193e-02 1.153549998998641968e-01 1.133870035409927368e-01 0.000000000000000000e+00
-1.691199988126754761e-01 2.645750045776367188e-01 4.746299982070922852e-02 0.000000000000000000e+00
1.133780032396316528e-01 -4.005700051784515381e-01 2.903099916875362396e-02 1.000000000000000000e+00
-6.286499649286270142e-02 -4.936400055885314941e-02 -2.257989943027496338e-01 0.000000000000000000e+00
-1.971700042486190796e-02 -1.790490001440048218e-01 -1.912139952182769775e-01 0.000000000000000000e+00
9.678299725055694580e-02 3.496969938278198242e-01 4.507900029420852661e-02 0.000000000000000000e+00
1.106610000133514404e-01 -1.790490001440048218e-01 1.034089997410774231e-01 0.000000000000000000e+00
-1.073570027947425842e-01 1.233800034970045090e-02 4.507900029420852661e-02 0.000000000000000000e+00
5.444899946451187134e-02 -7.223500311374664307e-02 -2.257989943027496338e-01 0.000000000000000000e+00
8.528500050306320190e-02 -1.790490001440048218e-01 3.575199842453002930e-02 0.000000000000000000e+00
-1.136009991168975830e-01 -3.193770051002502441e-01 -1.774349957704544067e-01 1.000000000000000000e+00
1.510400027036666870e-01 4.327400028705596924e-02 4.507900029420852661e-02 0.000000000000000000e+00
-6.198000162839889526e-03 3.970260024070739746e-01 7.484500110149383545e-02 0.000000000000000000e+00
1.428710073232650757e-01 1.183660030364990234e-01 4.507900029420852661e-02 0.000000000000000000e+00
-1.691199988126754761e-01 2.738510072231292725e-01 6.188600137829780579e-02 0.000000000000000000e+00
-2.756099961698055267e-02 2.608000040054321289e-01 1.133870035409927368e-01 0.000000000000000000e+00
1.422339975833892822e-01 -4.801349937915802002e-01 1.021490022540092468e-01 1.000000000000000000e+00
9.236299991607666016e-02 3.699510097503662109e-01 4.507900029420852661e-02 0.000000000000000000e+00
-1.691199988126754761e-01 -1.648000031709671021e-01 -4.764100164175033569e-02 0.000000000000000000e+00
8.629500120878219604e-02 1.869280040264129639e-01 4.507900029420852661e-02 0.000000000000000000e+00
8.243799954652786255e-02 -1.790490001440048218e-01 -2.879399992525577545e-02 0.000000000000000000e+00
9.277100116014480591e-02 -1.392699964344501495e-02 -6.564600020647048950e-02 0.000000000000000000e+00
5.312300100922584534e-02 1.167649999260902405e-01 1.133870035409927368e-01 0.000000000000000000e+00
5.070199817419052124e-02 2.234929949045181274e-01 4.507900029420852661e-02 0.000000000000000000e+00
-9.459699690341949463e-02 -1.392699964344501495e-02 -1.085280030965805054e-01 0.000000000000000000e+00
-1.278859972953796387e-01 -4.415419995784759521e-01 1.133870035409927368e-01 1.000000000000000000e+00
-1.186219975352287292e-01 3.763920068740844727e-01 8.187100291252136230e-02 0.000000000000000000e+00
-1.136009991168975830e-01 -4.257380068302154541e-01 -2.132840007543563843e-01 1.000000000000000000e+00
-8.364199846982955933e-02 3.712989985942840576e-01 1.133870035409927368e-01 0.000000000000000000e+00
1.700669974088668823e-01 2.113009989261627197e-01 6.093600019812583923e-02 0.000000000000000000e+00
-1.660580039024353027e-01 -1.302859932184219360e-01 -2.257989943027496338e-01 0.000000000000000000e+00
-1.071909964084625244e-01 6.434000097215175629e-03 4.507900029420852661e-02 0.000000000000000000e+00
8.509799838066101074e-02 2.949599921703338623e-01 4.507900029420852661e-02 0.000000000000000000e+00
-5.802800133824348450e-02 -1.627109944820404053e-01 1.133870035409927368e-01 0.000000000000000000e+00
-2.221100032329559326e-02 8.770100027322769165e-02 1.133870035409927368e-01 0.000000000000000000e+00
8.908300101757049561e-02 1.302980035543441772e-01 4.507900029420852661e-02 0.000000000000000000e+00
-2.439399994909763336e-02 2.401490062475204468e-01 1.133870035409927368e-01 0.000000000000000000e+00
-1.533229947090148926e-01 -1.790490001440048218e-01 -8.128499984741210938e-02 0.000000000000000000e+00
1.246299967169761658e-01 -1.040349975228309631e-01 1.133870035409927368e-01 0.000000000000000000e+00
-1.310479938983917236e-01 -1.860699951648712158e-01 -2.257989943027496338e-01 1.000000000000000000e+00
1.700669974088668823e-01 -4.601280093193054199e-01 3.085399977862834930e-02 1.000000000000000000e+00
-9.417600184679031372e-02 2.248290032148361206e-01 4.507900029420852661e-02 0.000000000000000000e+00
1.700669974088668823e-01 -1.310759931802749634e-01 7.767900079488754272e-02 0.000000000000000000e+00
-1.691199988126754761e-01 1.117299962788820267e-02 1.043049991130828857e-01 0.000000000000000000e+00
-5.506800115108489990e-02 -1.392699964344501495e-02 -1.595109999179840088e-01 0.000000000000000000e+00
-5.390600115060806274e-02 1.590290069580078125e-01 4.507900029420852661e-02 0.000000000000000000e+00
-1.691199988126754761e-01 -1.876080036163330078e-01 -2.225600033998489380e-01 1.000000000000000000e+00
-1.770400069653987885e-02 -1.790490001440048218e-01 -9.436000138521194458e-02 0.000000000000000000e+00
1.700669974088668823e-01 -1.290760040283203125e-01 -9.829799830913543701e-02 0.000000000000000000e+00
-1.651940047740936279e-01 -3.684059977531433105e-01 -1.570499986410140991e-01 1.000000000000000000e+00
1.111150011420249939e-01 -2.471539974212646484e-01 -1.661199927330017090e-01 1.000000000000000000e+00
-4.162700101733207703e-02 1.440979987382888794e-01 1.133870035409927368e-01 0.000000000000000000e+00
-1.385259926319122314e-01 -1.392699964344501495e-02 -1.953300088644027710e-02 0.000000000000000000e+00
1.259279996156692505e-01 3.008199930191040039e-01 1.133870035409927368e-01 0.000000000000000000e+00
-1.580159962177276611e-01 -1.790490001440048218e-01 -1.509920060634613037e-01 0.000000000000000000e+00
-1.691199988126754761e-01 -1.061799973249435425e-01 3.848300129175186157e-02 0.000000000000000000e+00
2.765700034797191620e-02 1.007030010223388672e-01 4.507900029420852661e-02 0.000000000000000000e+00
-8.665399998426437378e-02 -1.790490001440048218e-01 -2.066709995269775391e-01 0.000000000000000000e+00
1.700669974088668823e-01 -1.585530042648315430e-01 -1.465999931097030640e-01 0.000000000000000000e+00
-1.691199988126754761e-01 -2.138530015945434570e-01 6.024499982595443726e-02 1.000000000000000000e+00
-1.061249971389770508e-01 1.054949983954429626e-01 1.133870035409927368e-01 0.000000000000000000e+00
-7.962000370025634766e-02 -1.392699964344501495e-02 -9.845399856567382812e-02 0.000000000000000000e+00
1.111150011420249939e-01 -3.746959865093231201e-01 6.513399630784988403e-02 1.000000000000000000e+00
-3.469999879598617554e-02 -1.392699964344501495e-02 -1.623840034008026123e-01 0.000000000000000000e+00
-1.238640025258064270e-01 -1.790490001440048218e-01 -9.549999958835542202e-04 0.000000000000000000e+00
1.111150011420249939e-01 -4.795359969139099121e-01 -1.920299977064132690e-01 1.000000000000000000e+00
5.349300056695938110e-02 6.221000105142593384e-02 4.507900029420852661e-02 0.000000000000000000e+00
-1.566140055656433105e-01 -1.790490001440048218e-01 -1.428859978914260864e-01 0.000000000000000000e+00
-1.590429991483688354e-01 -2.313809990882873535e-01 1.133870035409927368e-01 1.000000000000000000e+00
1.174129992723464966e-01 3.772459924221038818e-01 9.876599907875061035e-02 0.000000000000000000e+00
-1.136009991168975830e-01 -4.762290120124816895e-01 -1.896560043096542358e-01 1.000000000000000000e+00
-2.291800081729888916e-02 -9.608100354671478271e-02 1.133870035409927368e-01 0.000000000000000000e+00
-2.642500028014183044e-02 -1.392699964344501495e-02 -4.198899865150451660e-02 0.000000000000000000e+00
-1.691199988126754761e-01 -2.577430009841918945e-01 -2.226649969816207886e-01 1.000000000000000000e+00
-1.136009991168975830e-01 -4.780269861221313477e-01 5.763500183820724487e-02 1.000000000000000000e+00
1.212010011076927185e-01 2.396090030670166016e-01 1.133870035409927368e-01 0.000000000000000000e+00
1.111150011420249939e-01 -4.715850055217742920e-01 5.258199945092201233e-02 1.000000000000000000e+00
1.111150011420249939e-01 -2.042350023984909058e-01 -1.849739998579025269e-01 1.000000000000000000e+00
-1.585399918258190155e-02 4.662999883294105530e-02 4.507900029420852661e-02 0.000000000000000000e+00
-1.412699967622756958e-01 -4.679490029811859131e-01 2.903099916875362396e-02 1.000000000000000000e+00
1.700669974088668823e-01 -4.446620047092437744e-01 9.248299896717071533e-02 1.000000000000000000e+00
-3.551999852061271667e-02 -1.790490001440048218e-01 7.696899771690368652e-02 0.000000000000000000e+00
-1.405739933252334595e-01 -1.790490001440048218e-01 2.157199941575527191e-02 0.000000000000000000e+00
1.700669974088668823e-01 -7.134699821472167969e-02 -1.577550023794174194e-01 0.000000000000000000e+00
-1.136009991168975830e-01 -3.558019995689392090e-01 7.580299675464630127e-02 1.000000000000000000e+00
-1.691199988126754761e-01 -2.599459886550903320e-01 1.060860008001327515e-01 1.000000000000000000e+00
-1.386539936065673828e-01 -3.782320022583007812e-01 -2.257989943027496338e-01 1.000000000000000000e+00
-1.691199988126754761e-01 -2.618899941444396973e-01 3.998399898409843445e-02 1.000000000000000000e+00
-2.836699970066547394e-02 -9.914100170135498047e-02 -2.257989943027496338e-01 0.000000000000000000e+00
-1.088460013270378113e-01 -6.676100194454193115e-02 1.133870035409927368e-01 0.000000000000000000e+00
-1.077160015702247620e-01 -1.392699964344501495e-02 -2.006620019674301147e-01 0.000000000000000000e+00
1.439269930124282837e-01 -4.736930131912231445e-01 1.133870035409927368e-01 1.000000000000000000e+00
-1.136009991168975830e-01 -1.940820068120956421e-01 7.111600041389465332e-02 0.000000000000000000e+00
1.700669974088668823e-01 -1.692049950361251831e-01 -2.325600013136863708e-02 0.000000000000000000e+00
1.076039969921112061e-01 3.803200125694274902e-01 6.533800065517425537e-02 0.000000000000000000e+00
-7.301499694585800171e-02 -1.790490001440048218e-01 -1.875250041484832764e-01 0.000000000000000000e+00
1.700669974088668823e-01 2.534790039062500000e-01 5.729699879884719849e-02 0.000000000000000000e+00
1.538439989089965820e-01 3.617869913578033447e-01 1.085219979286193848e-01 0.000000000000000000e+00
-1.136009991168975830e-01 -1.951750069856643677e-01 -2.013819962739944458e-01 1.000000000000000000e+00
-1.579509973526000977e-01 -2.899790108203887939e-01 1.133870035409927368e-01 1.000000000000000000e+00
1.216420009732246399e-01 2.261350005865097046e-01 1.133870035409927368e-01 0.000000000000000000e+00
-1.691199988126754761e-01 -4.016790091991424561e-01 8.806700259447097778e-02 1.000000000000000000e+00
3.957000002264976501e-02 1.080290004611015320e-01 4.507900029420852661e-02 0.000000000000000000e+00
6.198000162839889526e-02 1.372770071029663086e-01 4.507900029420852661e-02 0.000000000000000000e+00
-1.409720033407211304e-01 -3.212539851665496826e-01 -2.257989943027496338e-01 1.000000000000000000e+00
-5.978500097990036011e-02 2.291390001773834229e-01 4.507900029420852661e-02 0.000000000000000000e+00
-1.675119996070861816e-01 3.545280098915100098e-01 6.542299687862396240e-02 0.000000000000000000e+00
-2.439500018954277039e-02 -8.766700327396392822e-02 1.133870035409927368e-01 0.000000000000000000e+00
1.088140010833740234e-01 1.545809954404830933e-01 4.507900029420852661e-02 0.000000000000000000e+00
-6.585899740457534790e-02 -1.392699964344501495e-02 8.495000191032886505e-03 0.000000000000000000e+00
1.700669974088668823e-01 9.532199800014495850e-02 6.774300336837768555e-02 0.000000000000000000e+00
-1.109030023217201233e-01 3.016099929809570312e-01 4.507900029420852661e-02 0.000000000000000000e+00
1.700669974088668823e-01 -1.302060037851333618e-01 1.117200031876564026e-02 0.000000000000000000e+00
1.203100010752677917e-01 -4.703069925308227539e-01 -2.257989943027496338e-01 1.000000000000000000e+00
2.970599941909313202e-02 2.253479957580566406e-01 4.507900029420852661e-02 0.000000000000000000e+00
-1.691199988126754761e-01 -1.176130026578903198e-01 -2.379200048744678497e-02 0.000000000000000000e+00
5.405800044536590576e-02 1.978520005941390991e-01 1.133870035409927368e-01 0.000000000000000000e+00
3.922999836504459381e-03 -1.650950014591217041e-01 1.133870035409927368e-01 0.000000000000000000e+00
1.144279986619949341e-01 -4.346449971199035645e-01 -1.570499986410140991e-01 1.000000000000000000e+00
-1.164280027151107788e-01 -3.927550017833709717e-01 2.903099916875362396e-02 1.000000000000000000e+00
1.111150011420249939e-01 -1.860290020704269409e-01 -1.624760031700134277e-01 0.000000000000000000e+00
-1.691199988126754761e-01 1.320070028305053711e-01 8.165399730205535889e-02 0.000000000000000000e+00
3.528000088408589363e-03 -1.025789976119995117e-01 -2.257989943027496338e-01 0.000000000000000000e+00
-1.483999937772750854e-01 -1.790490001440048218e-01 -1.000630035996437073e-01 0.000000000000000000e+00
-8.475899696350097656e-02 4.249300062656402588e-02 1.133870035409927368e-01 0.000000000000000000e+00
-2.600199915468692780e-02 3.905059993267059326e-01 4.507900029420852661e-02 0.000000000000000000e+00
1.431269943714141846e-01 -4.801349937915802002e-01 4.053299874067306519e-02 1.000000000000000000e+00
1.193699985742568970e-01 -1.865479946136474609e-01 1.133870035409927368e-01 1.000000000000000000e+00
5.274900048971176147e-02 -9.551899880170822144e-02 1.133870035409927368e-01 0.000000000000000000e+00
1.196810007095336914e-01 -3.700149953365325928e-01 1.133870035409927368e-01 1.000000000000000000e+00
-8.539699763059616089e-02 -1.267999992705881596e-03 1.133870035409927368e-01 0.000000000000000000e+00
1.644050031900405884e-01 -1.392699964344501495e-02 -1.987089961767196655e-01 0.000000000000000000e+00
1.700669974088668823e-01 -2.996729910373687744e-01 6.231100112199783325e-02 1.000000000000000000e+00
-1.691199988126754761e-01 -1.682939976453781128e-01 -5.255499854683876038e-02 0.000000000000000000e+00
7.138399779796600342e-02 3.046979904174804688e-01 1.133870035409927368e-01 0.000000000000000000e+00
1.637180000543594360e-01 -4.379740059375762939e-01 -2.257989943027496338e-01 1.000000000000000000e+00
1.068999990820884705e-03 1.390970051288604736e-01 4.507900029420852661e-02 0.000000000000000000e+00
-7.445999979972839355e-02 -3.856699913740158081e-02 -2.257989943027496338e-01 0.000000000000000000e+00
1.325860023498535156e-01 -4.732449948787689209e-01 1.133870035409927368e-01 1.000000000000000000e+00
1.422190070152282715e-01 -2.487999945878982544e-01 -1.570499986410140991e-01 1.000000000000000000e+00
1.700669974088668823e-01 2.927980124950408936e-01 5.032299831509590149e-02 0.000000000000000000e+00
-1.691199988126754761e-01 -3.885540068149566650e-01 -1.697539985179901123e-01 1.000000000000000000e+00
8.644100278615951538e-02 1.007369980216026306e-01 4.507900029420852661e-02 0.000000000000000000e+00
-8.470200002193450928e-02 -1.392699964344501495e-02 -2.168500050902366638e-02 0.000000000000000000e+00
1.104409992694854736e-01 2.372249960899353027e-01 1.133870035409927368e-01 0.000000000000000000e+00
1.700669974088668823e-01 4.592600092291831970e-02 9.190999716520309448e-02 0.000000000000000000e+00
-1.686400026082992554e-01 -2.356719970703125000e-01 2.903099916875362396e-02 1.000000000000000000e+00
7.242099940776824951e-02 3.424629867076873779e-01 4.507900029420852661e-02 0.000000000000000000e+00
1.700669974088668823e-01 -3.516319990158081055e-01 -2.180860042572021484e-01 1.000000000000000000e+00
1.700669974088668823e-01 -2.943310141563415527e-01 -2.252549976110458374e-01 1.000000000000000000e+00
1.700669974088668823e-01 -1.309490054845809937e-01 -1.632619947195053101e-01 0.000000000000000000e+00
1.700669974088668823e-01 -4.006420075893402100e-01 9.877800196409225464e-02 1.000000000000000000e+00
1.111299991607666016e-01 1.323159933090209961e-01 4.507900029420852661e-02 0.000000000000000000e+00
1.111150011420249939e-01 -1.809570044279098511e-01 -1.811079978942871094e-01 0.000000000000000000e+00
-1.657509952783584595e-01 -1.120600011199712753e-02 1.133870035409927368e-01 0.000000000000000000e+00
1.587640047073364258e-01 3.735100105404853821e-02 1.133870035409927368e-01 0.000000000000000000e+00
-1.509850025177001953e-01 1.291400045156478882e-01 4.507900029420852661e-02 0.000000000000000000e+00
1.700669974088668823e-01 -1.698510050773620605e-01 8.247900009155273438e-02 0.000000000000000000e+00
9.330000029876828194e-04 -1.392699964344501495e-02 -1.585749983787536621e-01 0.000000000000000000e+00
-1.467230021953582764e-01 2.609799988567829132e-02 4.507900029420852661e-02 0.000000000000000000e+00
1.694110035896301270e-01 2.775239944458007812e-01 4.507900029420852661e-02 0.000000000000000000e+00
-1.007900014519691467e-01 -1.392699964344501495e-02 -1.548119932413101196e-01 0.000000000000000000e+00
-1.136009991168975830e-01 -2.453459948301315308e-01 6.368599832057952881e-02 1.000000000000000000e+00
-1.136009991168975830e-01 -2.424470037221908569e-01 9.965000301599502563e-02 1.000000000000000000e+00
1.700669974088668823e-01 -2.430499941110610962e-01 -1.814330071210861206e-01 1.000000000000000000e+00
9.470099955797195435e-02 3.378869891166687012e-01 4.507900029420852661e-02 0.000000000000000000e+00
-1.329900026321411133e-01 -4.564610123634338379e-01 2.903099916875362396e-02 1.000000000000000000e+00
-9.588199853897094727e-02 3.109900057315826416e-01 1.133870035409927368e-01 0.000000000000000000e+00
-1.578260064125061035e-01 -2.582690119743347168e-01 2.903099916875362396e-02 1.000000000000000000e+00
-1.651050001382827759e-01 -2.664000093936920166e-01 2.903099916875362396e-02 1.000000000000000000e+00
4.203899949789047241e-02 5.697600170969963074e-02 4.507900029420852661e-02 0.000000000000000000e+00
5.703200027346611023e-02 -1.392699964344501495e-02 3.471900150179862976e-02 0.000000000000000000e+00
-1.136009991168975830e-01 -2.652350068092346191e-01 -1.656299978494644165e-01 1.000000000000000000e+00
1.700669974088668823e-01 -4.495449960231781006e-01 7.524699717760086060e-02 1.000000000000000000e+00
1.635989993810653687e-01 -7.203900068998336792e-02 -2.257989943027496338e-01 0.000000000000000000e+00
4.675399884581565857e-02 -1.790490001440048218e-01 -1.312000006437301636e-01 0.000000000000000000e+00
3.390600159764289856e-02 1.006089970469474792e-01 1.133870035409927368e-01 0.000000000000000000e+00
-5.191199854016304016e-02 -1.790490001440048218e-01 -2.128950059413909912e-01 0.000000000000000000e+00
1.111150011420249939e-01 -3.635849952697753906e-01 6.222499907016754150e-02 1.000000000000000000e+00
1.342130005359649658e-01 -4.667550027370452881e-01 -1.570499986410140991e-01 1.000000000000000000e+00
2.301700040698051453e-02 2.429500073194503784e-01 4.507900029420852661e-02 0.000000000000000000e+00
-1.433349996805191040e-01 -4.394190013408660889e-01 -1.570499986410140991e-01 1.000000000000000000e+00
-1.003540009260177612e-01 -1.633159965276718140e-01 1.133870035409927368e-01 0.000000000000000000e+00
-9.457600116729736328e-02 3.085109889507293701e-01 1.133870035409927368e-01 0.000000000000000000e+00
1.111150011420249939e-01 -2.993429899215698242e-01 -2.115419954061508179e-01 1.000000000000000000e+00
9.750399738550186157e-02 -1.790490001440048218e-01 1.002470031380653381e-01 0.000000000000000000e+00
1.116840019822120667e-01 3.660309910774230957e-01 4.507900029420852661e-02 0.000000000000000000e+00
3.716599941253662109e-02 -1.176979988813400269e-01 1.133870035409927368e-01 0.000000000000000000e+00
-1.136009991168975830e-01 -2.885409891605377197e-01 -2.243680059909820557e-01 1.000000000000000000e+00
-1.273570060729980469e-01 1.940239965915679932e-01 1.133870035409927368e-01 0.000000000000000000e+00
-1.691199988126754761e-01 -6.969299912452697754e-02 7.612999994307756424e-03 0.000000000000000000e+00
-9.539300203323364258e-02 1.472460031509399414e-01 4.507900029420852661e-02 0.000000000000000000e+00
1.162609979510307312e-01 -3.163470029830932617e-01 2.903099916875362396e-02 1.000000000000000000e+00
1.179680004715919495e-01 -1.275700032711029053e-01 -2.257989943027496338e-01 0.000000000000000000e+00
1.665520071983337402e-01 -1.392699964344501495e-02 -1.226039975881576538e-01 0.000000000000000000e+00
-1.691199988126754761e-01 3.522289991378784180e-01 1.103610023856163025e-01 0.000000000000000000e+00
-1.428049951791763306e-01 -4.049949944019317627e-01 1.133870035409927368e-01 1.000000000000000000e+00
-1.311710029840469360e-01 -1.790490001440048218e-01 -7.726900279521942139e-02 0.000000000000000000e+00
1.595209985971450806e-01 -4.486669898033142090e-01 -1.570499986410140991e-01 1.000000000000000000e+00
-5.885300040245056152e-02 2.676399946212768555e-01 4.507900029420852661e-02 0.000000000000000000e+00
-2.430400066077709198e-02 -1.790490001440048218e-01 -5.655299872159957886e-02 0.000000000000000000e+00
-1.691199988126754761e-01 -2.565129995346069336e-01 -1.634179949760437012e-01 1.000000000000000000e+00
-1.136009991168975830e-01 -3.709419965744018555e-01 -1.914730072021484375e-01 1.000000000000000000e+00
-1.691199988126754761e-01 -2.158370018005371094e-01 4.882699996232986450e-02 1.000000000000000000e+00
-1.564339995384216309e-01 3.600299954414367676e-01 7.080700248479843140e-02 0.000000000000000000e+00
-1.480699982494115829e-02 -1.392699964344501495e-02 -2.212470024824142456e-01 0.000000000000000000e+00
-1.691199988126754761e-01 -6.592199951410293579e-02 -1.627000048756599426e-02 0.000000000000000000e+00
1.472820043563842773e-01 -2.612400054931640625e-02 -2.257989943027496338e-01 0.000000000000000000e+00
-9.540499746799468994e-02 -1.790490001440048218e-01 4.718900099396705627e-02 0.000000000000000000e+00
-1.269710063934326172e-01 -2.841190099716186523e-01 -2.257989943027496338e-01 1.000000000000000000e+00
1.138940006494522095e-01 3.784190118312835693e-01 1.083950027823448181e-01 0.000000000000000000e+00
-1.584749966859817505e-01 -1.790490001440048218e-01 -1.361420005559921265e-01 0.000000000000000000e+00
1.335249990224838257e-01 1.310809999704360962e-01 4.507900029420852661e-02 0.000000000000000000e+00
-1.204139962792396545e-01 -2.225719988346099854e-01 -2.257989943027496338e-01 1.000000000000000000e+00
-9.066600352525711060e-02 1.652709990739822388e-01 1.133870035409927368e-01 0.000000000000000000e+00
1.159809976816177368e-01 2.739500105381011963e-01 4.507900029420852661e-02 0.000000000000000000e+00
-4.016700014472007751e-02 3.499880135059356689e-01 4.507900029420852661e-02 0.000000000000000000e+00
-8.185199648141860962e-02 2.474799938499927521e-02 4.507900029420852661e-02 0.000000000000000000e+00
-1.306059956550598145e-01 -2.820009887218475342e-01 2.903099916875362396e-02 1.000000000000000000e+00
1.664219945669174194e-01 1.328430026769638062e-01 4.507900029420852661e-02 0.000000000000000000e+00
-1.691199988126754761e-01 2.723689973354339600e-01 6.664200127124786377e-02 0.000000000000000000e+00
-4.115400090813636780e-02 -1.790490001440048218e-01 -1.006650030612945557e-01 0.000000000000000000e+00
1.121070012450218201e-01 1.952790021896362305e-01 4.507900029420852661e-02 0.000000000000000000e+00
1.440770030021667480e-01 2.390159964561462402e-01 4.507900029420852661e-02 0.000000000000000000e+00
1.427849978208541870e-01 6.128799915313720703e-02 4.507900029420852661e-02 0.000000000000000000e+00
-1.691199988126754761e-01 -1.018220037221908569e-01 3.144799917936325073e-02 0.000000000000000000e+00
-1.267690062522888184e-01 -1.850659996271133423e-01 -2.257989943027496338e-01 1.000000000000000000e+00
-8.598300069570541382e-02 -1.790490001440048218e-01 2.772999927401542664e-02 0.000000000000000000e+00
6.449600309133529663e-02 7.175099849700927734e-02 4.507900029420852661e-02 0.000000000000000000e+00
-1.691199988126754761e-01 -3.045240044593811035e-01 3.358000144362449646e-02 1.000000000000000000e+00
-1.691199988126754761e-01 -1.458680033683776855e-01 -1.700640022754669189e-01 0.000000000000000000e+00
1.656869947910308838e-01 -3.730419874191284180e-01 -2.257989943027496338e-01 1.000000000000000000e+00
-7.737100124359130859e-02 1.128719970583915710e-01 4.507900029420852661e-02 0.000000000000000000e+00
-1.660900004208087921e-02 2.308540046215057373e-01 1.133870035409927368e-01 0.000000000000000000e+00
-1.528930068016052246e-01 -4.627169966697692871e-01 2.903099916875362396e-02 1.000000000000000000e+00
-1.691199988126754761e-01 -2.216420024633407593e-01 1.086129993200302124e-01 1.000000000000000000e+00
8.266499638557434082e-02 1.820299960672855377e-02 4.507900029420852661e-02 0.000000000000000000e+00
1.700669974088668823e-01 -1.482180058956146240e-01 2.077000029385089874e-02 0.000000000000000000e+00
1.427000039257109165e-03 4.242000170052051544e-03 1.133870035409927368e-01 0.000000000000000000e+00
-4.341800138354301453e-02 2.354339957237243652e-01 1.133870035409927368e-01 0.000000000000000000e+00
-8.553300052881240845e-02 -5.339400097727775574e-02 1.133870035409927368e-01 0.000000000000000000e+00
2.986600063741207123e-02 2.139550000429153442e-01 4.507900029420852661e-02 0.000000000000000000e+00
-1.691199988126754761e-01 2.588579952716827393e-01 4.884099960327148438e-02 0.000000000000000000e+00
4.109599813818931580e-02 2.347169965505599976e-01 4.507900029420852661e-02 0.000000000000000000e+00
1.576379984617233276e-01 -1.392699964344501495e-02 -3.609199821949005127e-02 0.000000000000000000e+00
1.700669974088668823e-01 -1.333210021257400513e-01 6.895600259304046631e-02 0.000000000000000000e+00
-1.136009991168975830e-01 -3.706229925155639648e-01 6.219499930739402771e-02 1.000000000000000000e+00
-8.211699873208999634e-02 -1.790490001440048218e-01 2.191299945116043091e-02 0.000000000000000000e+00
6.660400331020355225e-02 2.563520073890686035e-01 1.133870035409927368e-01 0.000000000000000000e+00
1.071730032563209534e-01 3.594740033149719238e-01 4.507900029420852661e-02 0.000000000000000000e+00
-1.248679980635643005e-01 -3.327789902687072754e-01 2.903099916875362396e-02 1.000000000000000000e+00
1.700669974088668823e-01 -6.828899681568145752e-02 -6.225000135600566864e-03 0.000000000000000000e+00
-1.691199988126754761e-01 -8.877900242805480957e-02 9.912800043821334839e-02 0.000000000000000000e+00
-1.887900009751319885e-02 3.672499954700469971e-02 4.507900029420852661e-02 0.000000000000000000e+00
5.317999981343746185e-03 3.727110028266906738e-01 1.133870035409927368e-01 0.000000000000000000e+00
-1.691199988126754761e-01 2.338719964027404785e-01 4.767600074410438538e-02 0.000000000000000000e+00
1.430940032005310059e-01 -2.462390065193176270e-01 -2.257989943027496338e-01 1.000000000000000000e+00
-3.786100074648857117e-02 -9.475400298833847046e-02 -2.257989943027496338e-01 0.000000000000000000e+00
1.700669974088668823e-01 -4.066449999809265137e-01 -1.889249980449676514e-01 1.000000000000000000e+00
1.275359988212585449e-01 -1.999769955873489380e-01 -2.257989943027496338e-01 1.000000000000000000e+00
4.354099929332733154e-02 1.502269953489303589e-01 1.133870035409927368e-01 0.000000000000000000e+00
-1.691199988126754761e-01 -1.111489981412887573e-01 -5.157500132918357849e-02 0.000000000000000000e+00
1.650850027799606323e-01 -1.392699964344501495e-02 -1.422509998083114624e-01 0.000000000000000000e+00
-1.613920032978057861e-01 7.501599937677383423e-02 1.133870035409927368e-01 0.000000000000000000e+00
1.125409975647926331e-01 -2.626970112323760986e-01 -2.257989943027496338e-01 1.000000000000000000e+00
1.089320033788681030e-01 -1.790490001440048218e-01 5.593600124120712280e-02 0.000000000000000000e+00
1.700669974088668823e-01 -2.589400112628936768e-01 5.470199882984161377e-02 1.000000000000000000e+00
-1.541939973831176758e-01 -1.653109937906265259e-01 -2.257989943027496338e-01 1.000000000000000000e+00
-2.435999922454357147e-02 2.559199929237365723e-02 1.133870035409927368e-01 0.000000000000000000e+00
-3.913000226020812988e-03 -1.392699964344501495e-02 -1.527480036020278931e-01 0.000000000000000000e+00
1.100620031356811523e-01 -1.790490001440048218e-01 2.891100011765956879e-02 0.000000000000000000e+00
-1.087770015001296997e-01 3.630920052528381348e-01 1.133870035409927368e-01 0.000000000000000000e+00
1.336420029401779175e-01 -2.736639976501464844e-01 1.133870035409927368e-01 1.000000000000000000e+00
-1.691199988126754761e-01 -2.891449928283691406e-01 -2.146030068397521973e-01 1.000000000000000000e+00
-9.702999889850616455e-02 -1.790490001440048218e-01 4.219200089573860168e-02 0.000000000000000000e+00
-5.230699852108955383e-02 -1.392699964344501495e-02 4.146699979901313782e-02 0.000000000000000000e+00
-1.461250036954879761e-01 3.651509881019592285e-01 9.583900123834609985e-02 0.000000000000000000e+00
8.303699642419815063e-02 -1.790490001440048218e-01 -1.070950031280517578e-01 0.000000000000000000e+00
-1.691199988126754761e-01 -5.136299878358840942e-02 -1.107850000262260437e-01 0.000000000000000000e+00
-9.002999961376190186e-02 -1.714030057191848755e-01 -2.257989943027496338e-01 0.000000000000000000e+00
2.768299914896488190e-02 -1.392699964344501495e-02 -6.023700162768363953e-02 0.000000000000000000e+00
-1.470109969377517700e-01 -3.759120106697082520e-01 -2.257989943027496338e-01 1.000000000000000000e+00
1.700669974088668823e-01 2.701930105686187744e-01 1.095739975571632385e-01 0.000000000000000000e+00
1.554590016603469849e-01 -2.464880049228668213e-01 2.903099916875362396e-02 1.000000000000000000e+00
-1.385020017623901367e-01 -1.954399943351745605e-01 1.133870035409927368e-01 1.000000000000000000e+00
1.700669974088668823e-01 -1.777099967002868652e-01 -1.258179992437362671e-01 0.000000000000000000e+00
9.457500278949737549e-02 -1.392699964344501495e-02 -1.360879987478256226e-01 0.000000000000000000e+00
-1.682029962539672852e-01 -4.136880040168762207e-01 -2.257989943027496338e-01 1.000000000000000000e+00
6.100700050592422485e-02 -1.392699964344501495e-02 1.744299940764904022e-02 0.000000000000000000e+00
1.700669974088668823e-01 2.293840050697326660e-01 8.577100187540054321e-02 0.000000000000000000e+00
5.938399955630302429e-02 -2.992499992251396179e-02 -2.257989943027496338e-01 0.000000000000000000e+00
1.666550040245056152e-01 2.424370050430297852e-01 1.133870035409927368e-01 0.000000000000000000e+00
1.549710035324096680e-01 3.612279891967773438e-01 1.125530004501342773e-01 0.000000000000000000e+00
1.700669974088668823e-01 -2.450210005044937134e-01 8.434399962425231934e-02 1.000000000000000000e+00
-4.749000072479248047e-02 2.761290073394775391e-01 1.133870035409927368e-01 0.000000000000000000e+00
1.315229982137680054e-01 2.082660049200057983e-01 1.133870035409927368e-01 0.000000000000000000e+00
-9.208100289106369019e-02 -1.790490001440048218e-01 1.964800059795379639e-02 0.000000000000000000e+00
-1.691199988126754761e-01 -5.420099943876266479e-02 2.538600005209445953e-02 0.000000000000000000e+00
1.168870031833648682e-01 -1.790490001440048218e-01 -1.079510003328323364e-01 0.000000000000000000e+00
1.700669974088668823e-01 -1.273040026426315308e-01 -4.550600051879882812e-02 0.000000000000000000e+00
1.348630040884017944e-01 -4.333299994468688965e-01 -2.257989943027496338e-01 1.000000000000000000e+00
2.609000075608491898e-03 6.356699764728546143e-02 1.133870035409927368e-01 0.000000000000000000e+00
6.797800213098526001e-02 3.722789883613586426e-01 4.507900029420852661e-02 0.000000000000000000e+00
5.912600085139274597e-02 -1.230499986559152603e-02 4.507900029420852661e-02 0.000000000000000000e+00
-1.136009991168975830e-01 -4.627290070056915283e-01 1.052599996328353882e-01 1.000000000000000000e+00
-1.221690028905868530e-01 -1.392699964344501495e-02 -5.052899941802024841e-02 0.000000000000000000e+00
1.137410029768943787e-01 -4.024280011653900146e-01 -2.257989943027496338e-01 1.000000000000000000e+00
2.072999952360987663e-03 1.806530058383941650e-01 1.133870035409927368e-01 0.000000000000000000e+00
1.571509987115859985e-01 -1.702650040388107300e-01 1.133870035409927368e-01 1.000000000000000000e+00
-2.843599952757358551e-02 2.576270103454589844e-01 4.507900029420852661e-02 0.000000000000000000e+00
1.526789963245391846e-01 -2.613120079040527344e-01 -2.257989943027496338e-01 1.000000000000000000e+00
1.700669974088668823e-01 -2.459120005369186401e-01 -1.734929978847503662e-01 1.000000000000000000e+00
-1.092989966273307800e-01 1.862239986658096313e-01 4.507900029420852661e-02 0.000000000000000000e+00
1.194130033254623413e-01 -2.854230105876922607e-01 -2.257989943027496338e-01 1.000000000000000000e+00
-1.874300092458724976e-02 -1.790490001440048218e-01 -6.342499703168869019e-02 0.000000000000000000e+00
1.665239930152893066e-01 -1.896219998598098755e-01 -1.570499986410140991e-01 1.000000000000000000e+00
1.608310043811798096e-01 -1.812880039215087891e-01 2.903099916875362396e-02 0.000000000000000000e+00
1.316120028495788574e-01 -2.679789960384368896e-01 2.903099916875362396e-02 1.000000000000000000e+00
-1.691199988126754761e-01 -1.406349986791610718e-01 3.793099895119667053e-02 0.000000000000000000e+00
1.111150011420249939e-01 -2.982760071754455566e-01 9.570100158452987671e-02 1.000000000000000000e+00
-1.381150037050247192e-01 -3.499650061130523682e-01 1.133870035409927368e-01 1.000000000000000000e+00
-1.136009991168975830e-01 -4.321169853210449219e-01 -1.704429984092712402e-01 1.000000000000000000e+00
-1.340170055627822876e-01 -5.188199877738952637e-02 1.133870035409927368e-01 0.000000000000000000e+00
1.317259967327117920e-01 -1.392699964344501495e-02 -5.530700087547302246e-02 0.000000000000000000e+00
7.647299766540527344e-02 -3.706999868154525757e-02 1.133870035409927368e-01 0.000000000000000000e+00
1.700669974088668823e-01 -9.088999591767787933e-03 9.637100249528884888e-02 0.000000000000000000e+00
1.111150011420249939e-01 -3.808209896087646484e-01 -1.730840057134628296e-01 1.000000000000000000e+00
-1.312330067157745361e-01 -3.422949910163879395e-01 -2.257989943027496338e-01 1.000000000000000000e+00
-1.338890045881271362e-01 5.913100019097328186e-02 1.133870035409927368e-01 0.000000000000000000e+00
-1.136009991168975830e-01 -3.400270044803619385e-01 -1.864060014486312866e-01 1.000000000000000000e+00
2.029000082984566689e-03 -1.790490001440048218e-01 5.493099987506866455e-02 0.000000000000000000e+00
-1.691199988126754761e-01 -1.764249950647354126e-01 7.977200299501419067e-02 0.000000000000000000e+00
-1.691199988126754761e-01 -1.771830022335052490e-01 -1.686300039291381836e-01 1.000000000000000000e+00
1.700669974088668823e-01 3.031449913978576660e-01 7.036200165748596191e-02 0.000000000000000000e+00
-3.197199851274490356e-02 5.587200075387954712e-02 4.507900029420852661e-02 0.000000000000000000e+00
1.111150011420249939e-01 -2.483559995889663696e-01 3.369800001382827759e-02 1.000000000000000000e+00
1.957499980926513672e-02 -1.790490001440048218e-01 6.995099782943725586e-02 0.000000000000000000e+00
1.390669941902160645e-01 -4.677070081233978271e-01 -1.570499986410140991e-01 1.000000000000000000e+00
1.700669974088668823e-01 -1.670760065317153931e-01 4.863199964165687561e-02 0.000000000000000000e+00
5.840099975466728210e-02 2.321570068597793579e-01 1.133870035409927368e-01 0.000000000000000000e+00
-3.609500080347061157e-02 1.537900045514106750e-02 1.133870035409927368e-01 0.000000000000000000e+00
-1.691199988126754761e-01 -1.013420000672340393e-01 6.392599642276763916e-02 0.000000000000000000e+00
1.136280000209808350e-01 3.785000145435333252e-01 9.226299822330474854e-02 0.000000000000000000e+00
-5.123500153422355652e-02 7.546199858188629150e-02 1.133870035409927368e-01 0.000000000000000000e+00
1.111150011420249939e-01 -2.196319997310638428e-01 8.996699750423431396e-02 1.000000000000000000e+00
1.272120028734207153e-01 -7.598400115966796875e-02 1.133870035409927368e-01 0.000000000000000000e+00
-1.136009991168975830e-01 -2.615160048007965088e-01 9.595900028944015503e-02 1.000000000000000000e+00
-1.146489977836608887e-01 -2.733300067484378815e-02 -2.257989943027496338e-01 0.000000000000000000e+00
1.700669974088668823e-01 -2.522899955511093140e-02 -2.254199981689453125e-01 0.000000000000000000e+00
-1.691199988126754761e-01 -2.216299995779991150e-02 -1.032600030303001404e-01 0.000000000000000000e+00
-1.332720071077346802e-01 -4.528920054435729980e-01 1.133870035409927368e-01 1.000000000000000000e+00
-1.460500061511993408e-01 -4.390259981155395508e-01 -1.570499986410140991e-01 1.000000000000000000e+00
-8.850000053644180298e-02 2.169840037822723389e-01 1.133870035409927368e-01 0.000000000000000000e+00
1.700669974088668823e-01 -7.558900117874145508e-02 6.471499800682067871e-02 0.000000000000000000e+00
-1.691199988126754761e-01 -4.115810096263885498e-01 -1.613669991493225098e-01 1.000000000000000000e+00
7.922899723052978516e-02 7.679200172424316406e-02 4.507900029420852661e-02 0.000000000000000000e+00
1.700669974088668823e-01 -4.093909859657287598e-01 8.055199682712554932e-02 1.000000000000000000e+00
-1.136009991168975830e-01 -3.397200107574462891e-01 8.452399820089340210e-02 1.000000000000000000e+00
-9.304000064730644226e-03 3.199209868907928467e-01 1.133870035409927368e-01 0.000000000000000000e+00
-1.193130016326904297e-01 -2.044849991798400879e-01 2.903099916875362396e-02 0.000000000000000000e+00
-1.431449949741363525e-01 1.459000050090253353e-03 4.507900029420852661e-02 0.000000000000000000e+00
1.700669974088668823e-01 -3.697130084037780762e-01 3.663799911737442017e-02 1.000000000000000000e+00
